sid,student_id,course_id,grade
1,478,24,89
2,340,23,80
3,383,4,78
4,285,29,80
5,155,28,78
6,396,29,72
7,107,41,73
8,426,40,95
9,486,48,63
10,36,23,89
11,417,48,75
12,240,23,77
13,469,7,75
14,189,12,68
15,147,19,83
16,451,33,67
17,484,27,72
18,111,43,76
19,496,11,63
20,203,20,99
21,479,2,81
22,139,30,93
23,273,18,73
24,346,32,86
25,127,21,87
26,343,42,95
27,235,43,77
28,270,31,83
29,367,1,70
30,2,43,96
31,462,19,63
32,474,11,98
33,279,15,74
34,152,44,76
35,199,46,65
36,350,49,96
37,166,2,92
38,65,43,91
39,84,5,97
40,286,5,61
41,470,41,91
42,278,28,69
43,496,29,79
44,189,44,74
45,167,44,94
46,232,15,89
47,208,7,68
48,453,13,95
49,30,33,87
50,165,32,82
51,369,10,68
52,223,26,63
53,496,14,92
54,183,40,62
55,164,35,84
56,47,30,83
57,290,46,90
58,44,19,71
59,22,26,99
60,199,28,61
61,122,49,99
62,445,34,93
63,333,10,99
64,89,19,70
65,129,28,65
66,339,4,92
67,500,44,81
68,85,15,79
69,56,50,84
70,416,25,88
71,206,11,60
72,125,20,96
73,415,49,72
74,7,12,88
75,64,27,79
76,129,8,83
77,222,27,94
78,150,34,95
79,337,6,94
80,145,25,62
81,431,17,83
82,174,18,97
83,491,9,76
84,355,29,91
85,153,45,97
86,354,13,99
87,223,45,84
88,460,12,94
89,411,7,84
90,132,10,90
91,151,6,94
92,83,8,68
93,406,19,92
94,464,38,95
95,480,34,82
96,252,30,91
97,377,15,99
98,333,31,94
99,211,49,98
100,102,16,94
101,494,46,71
102,492,50,67
103,307,30,75
104,410,9,67
105,426,36,97
106,86,13,100
107,397,47,90
108,119,21,66
109,32,22,88
110,150,33,62
111,483,21,94
112,437,50,65
113,178,20,100
114,93,31,66
115,399,30,96
116,139,32,73
117,408,39,100
118,251,17,68
119,500,18,77
120,489,40,67
121,265,48,87
122,55,23,70
123,207,28,70
124,105,18,85
125,259,44,88
126,497,39,82
127,79,45,78
128,464,29,88
129,194,14,84
130,179,22,86
131,302,23,70
132,26,37,74
133,294,9,85
134,223,12,93
135,191,39,92
136,464,38,61
137,223,26,68
138,194,50,68
139,174,49,69
140,109,34,81
141,226,32,75
142,33,12,100
143,289,25,76
144,294,17,67
145,16,44,63
146,490,6,80
147,235,5,61
148,465,19,80
149,300,41,84
150,264,28,73
151,484,28,88
152,121,2,88
153,357,16,70
154,372,35,75
155,452,7,82
156,182,41,60
157,343,8,75
158,187,43,84
159,448,45,87
160,455,25,88
161,314,4,72
162,395,50,77
163,194,7,66
164,231,34,93
165,458,27,89
166,274,24,93
167,218,17,97
168,411,1,91
169,27,30,74
170,74,2,72
171,61,36,95
172,127,31,96
173,472,23,89
174,70,45,89
175,315,20,75
176,93,19,63
177,423,46,78
178,22,8,99
179,275,10,64
180,299,9,65
181,190,29,66
182,66,45,72
183,489,3,100
184,368,24,96
185,237,31,72
186,440,2,91
187,12,39,70
188,198,1,62
189,476,46,95
190,490,23,60
191,176,33,100
192,169,35,73
193,158,21,87
194,413,4,77
195,311,5,60
196,431,26,67
197,95,23,73
198,385,11,71
199,132,17,69
200,324,41,80
201,397,8,83
202,164,43,74
203,197,49,78
204,333,19,97
205,265,26,99
206,472,50,82
207,271,12,60
208,247,6,90
209,165,26,100
210,60,44,76
211,299,29,96
212,239,27,95
213,60,41,77
214,462,17,100
215,84,3,86
216,149,40,67
217,257,46,77
218,319,7,87
219,226,23,79
220,340,3,83
221,324,11,80
222,494,5,99
223,419,4,64
224,3,11,78
225,289,7,77
226,269,19,67
227,499,11,73
228,439,28,69
229,148,9,94
230,203,16,67
231,234,1,70
232,284,37,91
233,81,8,70
234,180,8,75
235,427,32,86
236,138,16,87
237,219,10,84
238,187,39,63
239,434,45,76
240,459,27,99
241,491,31,99
242,137,4,74
243,164,8,71
244,83,41,67
245,34,40,60
246,28,36,77
247,202,35,99
248,405,21,92
249,206,31,70
250,300,39,72
251,275,50,72
252,72,44,84
253,185,46,60
254,356,30,61
255,228,26,95
256,468,26,77
257,235,13,86
258,485,18,83
259,130,41,60
260,86,6,71
261,57,36,66
262,346,33,63
263,162,9,61
264,337,4,74
265,198,19,92
266,258,25,77
267,188,25,63
268,116,44,68
269,12,37,78
270,438,48,65
271,252,11,75
272,476,35,74
273,352,44,99
274,252,37,73
275,310,5,70
276,496,25,71
277,457,17,74
278,231,13,79
279,242,32,80
280,111,23,74
281,412,25,82
282,326,25,81
283,277,4,74
284,467,31,74
285,102,21,64
286,64,49,85
287,380,31,88
288,273,8,77
289,490,40,72
290,291,8,60
291,103,9,96
292,249,14,78
293,416,31,70
294,210,35,77
295,314,2,72
296,411,36,72
297,329,17,86
298,455,32,82
299,275,48,89
300,330,36,89
301,19,19,96
302,300,10,64
303,316,26,78
304,262,32,97
305,316,42,74
306,335,29,94
307,446,42,74
308,120,13,96
309,226,46,69
310,1,7,71
311,247,10,98
312,319,46,96
313,93,14,72
314,386,5,69
315,394,19,87
316,481,8,63
317,449,10,89
318,86,39,100
319,229,11,88
320,452,46,62
321,362,30,83
322,478,36,99
323,407,10,70
324,270,6,77
325,367,33,94
326,389,41,94
327,418,32,75
328,167,50,89
329,460,12,91
330,62,41,72
331,120,40,95
332,93,47,68
333,232,36,71
334,382,4,79
335,354,20,71
336,470,38,68
337,268,32,99
338,57,6,76
339,65,46,78
340,133,20,86
341,224,3,91
342,259,5,63
343,160,4,87
344,470,19,98
345,202,46,99
346,171,43,73
347,149,2,95
348,78,30,96
349,469,7,69
350,28,50,67
351,478,17,66
352,188,15,87
353,65,50,72
354,333,19,64
355,430,44,65
356,489,33,89
357,401,33,65
358,170,39,85
359,142,23,61
360,152,44,97
361,106,34,82
362,367,12,69
363,186,20,68
364,421,42,92
365,91,8,97
366,385,24,67
367,243,10,84
368,398,5,74
369,291,4,63
370,25,45,82
371,228,33,91
372,201,14,64
373,90,31,71
374,53,48,98
375,266,21,71
376,313,18,81
377,129,22,69
378,127,2,65
379,42,41,91
380,387,2,96
381,144,38,79
382,171,10,91
383,57,6,79
384,332,48,65
385,163,13,89
386,10,22,85
387,356,9,63
388,108,3,80
389,351,29,80
390,372,8,72
391,452,30,98
392,31,25,66
393,318,20,86
394,316,43,74
395,50,20,78
396,62,8,74
397,493,1,81
398,380,23,95
399,19,8,60
400,240,50,70
401,176,37,83
402,432,17,68
403,152,31,87
404,392,44,99
405,13,17,60
406,367,8,73
407,301,7,61
408,446,8,95
409,96,40,62
410,237,39,68
411,423,12,75
412,49,46,91
413,348,9,97
414,429,13,73
415,469,43,95
416,321,16,72
417,180,8,87
418,6,24,76
419,356,7,66
420,327,3,99
421,337,2,74
422,122,12,76
423,72,17,92
424,229,39,61
425,379,41,74
426,357,49,69
427,414,25,91
428,57,31,68
429,346,30,65
430,383,18,67
431,484,12,75
432,361,1,71
433,470,1,85
434,456,45,98
435,194,22,87
436,381,30,91
437,371,24,71
438,393,50,88
439,295,13,62
440,166,49,69
441,125,33,79
442,429,41,95
443,54,23,79
444,34,44,81
445,352,25,91
446,81,3,79
447,112,22,68
448,451,38,79
449,106,33,68
450,129,41,93
451,314,16,99
452,232,27,69
453,255,22,88
454,23,3,74
455,443,29,94
456,36,17,80
457,223,50,77
458,112,23,76
459,483,34,88
460,72,31,100
461,412,14,80
462,266,44,79
463,311,20,72
464,191,6,77
465,196,26,76
466,454,40,61
467,195,33,64
468,268,1,83
469,421,26,66
470,43,21,80
471,349,11,66
472,438,45,90
473,366,30,97
474,281,32,73
475,431,34,60
476,89,50,61
477,172,36,88
478,374,14,60
479,362,41,66
480,499,45,64
481,195,24,70
482,95,41,72
483,249,39,78
484,448,50,62
485,329,31,83
486,54,40,62
487,245,24,89
488,290,4,86
489,92,14,62
490,348,1,64
491,362,3,63
492,435,47,88
493,232,11,86
494,175,35,73
495,144,13,82
496,417,38,63
497,95,43,100
498,441,28,76
499,415,33,93
500,75,2,78
501,423,19,83
502,151,19,97
503,227,40,90
504,304,5,67
505,238,38,62
506,234,28,76
507,445,30,68
508,490,7,64
509,226,32,79
510,81,38,71
511,117,49,98
512,425,27,91
513,475,47,61
514,157,33,64
515,13,4,91
516,449,9,62
517,401,15,86
518,343,23,83
519,52,9,81
520,437,12,77
521,264,18,64
522,360,38,91
523,66,46,81
524,488,14,80
525,62,18,83
526,251,27,94
527,488,45,63
528,151,21,91
529,354,4,71
530,66,2,80
531,58,32,97
532,281,1,64
533,401,7,94
534,107,17,98
535,169,44,70
536,35,50,88
537,381,35,80
538,67,30,94
539,288,41,64
540,353,24,72
541,410,36,90
542,209,3,63
543,406,1,77
544,218,15,95
545,483,36,83
546,236,13,80
547,343,41,84
548,113,11,92
549,378,12,69
550,272,46,87
551,254,48,76
552,295,28,90
553,282,4,67
554,129,13,94
555,32,15,98
556,111,10,89
557,32,50,96
558,354,41,70
559,441,9,77
560,214,5,60
561,350,19,82
562,423,40,70
563,66,50,79
564,323,19,60
565,482,23,100
566,383,5,60
567,11,15,72
568,340,41,75
569,7,26,78
570,118,21,83
571,374,26,88
572,237,23,91
573,101,49,92
574,255,34,74
575,465,15,85
576,235,17,96
577,274,25,61
578,336,42,91
579,171,43,90
580,354,10,91
581,163,9,99
582,74,50,98
583,327,17,92
584,171,48,69
585,214,20,70
586,456,41,61
587,286,10,74
588,377,30,70
589,432,21,76
590,405,41,65
591,405,45,72
592,176,37,72
593,99,19,97
594,230,46,63
595,231,3,95
596,232,34,90
597,445,10,77
598,275,17,69
599,414,26,81
600,101,38,74
601,231,31,87
602,348,15,79
603,304,43,78
604,60,36,81
605,27,19,100
606,225,44,72
607,395,44,62
608,372,26,62
609,478,21,100
610,251,4,91
611,451,19,97
612,276,3,69
613,483,25,60
614,441,2,63
615,187,44,88
616,212,28,99
617,94,15,92
618,9,35,97
619,447,12,97
620,31,42,85
621,403,45,61
622,154,4,64
623,396,44,97
624,26,26,72
625,162,47,63
626,401,44,98
627,434,15,98
628,441,36,95
629,274,45,71
630,306,4,76
631,326,9,73
632,149,17,70
633,293,45,87
634,15,5,92
635,175,1,95
636,369,21,76
637,426,41,100
638,289,49,65
639,1,20,86
640,276,29,64
641,403,3,85
642,420,48,88
643,203,20,78
644,295,19,74
645,35,32,92
646,326,23,79
647,299,12,64
648,423,10,100
649,459,10,66
650,398,41,95
651,77,9,74
652,115,32,84
653,247,44,92
654,71,8,86
655,248,41,69
656,178,48,65
657,473,28,63
658,262,28,96
659,495,34,75
660,447,29,84
661,376,11,73
662,90,26,80
663,379,22,79
664,137,28,83
665,78,35,79
666,164,14,63
667,334,39,60
668,427,2,74
669,27,22,93
670,92,10,67
671,422,13,97
672,91,50,64
673,437,42,92
674,403,47,73
675,155,28,93
676,81,2,89
677,40,22,65
678,334,21,89
679,196,16,93
680,61,10,61
681,182,15,66
682,322,9,84
683,157,4,64
684,472,24,100
685,413,16,87
686,283,20,62
687,340,14,80
688,62,45,97
689,354,12,95
690,345,25,97
691,452,19,75
692,158,34,60
693,197,12,86
694,436,50,80
695,386,47,99
696,408,47,78
697,301,41,85
698,320,4,68
699,239,41,97
700,200,13,91
701,4,31,93
702,475,12,86
703,62,5,65
704,228,41,64
705,409,16,63
706,423,11,86
707,497,38,71
708,433,17,82
709,464,20,77
710,169,36,68
711,83,30,88
712,80,7,83
713,164,18,98
714,190,32,75
715,160,20,89
716,451,42,89
717,59,29,73
718,491,15,84
719,50,22,98
720,198,24,64
721,379,30,74
722,13,17,73
723,487,6,100
724,286,11,77
725,335,9,68
726,177,36,68
727,369,20,80
728,309,27,92
729,71,9,64
730,331,26,60
731,483,26,79
732,487,1,95
733,480,20,62
734,348,3,81
735,19,23,73
736,190,41,70
737,476,25,75
738,206,4,95
739,283,7,97
740,12,9,80
741,26,30,96
742,303,34,92
743,91,40,96
744,455,8,68
745,405,49,86
746,81,41,66
747,306,8,94
748,379,24,71
749,212,19,90
750,152,9,80
751,249,26,62
752,379,22,97
753,13,44,88
754,269,21,77
755,235,25,83
756,20,3,98
757,351,17,72
758,180,50,88
759,403,8,80
760,372,29,99
761,467,48,86
762,426,4,87
763,89,49,61
764,148,18,62
765,481,47,63
766,364,21,92
767,221,13,72
768,270,11,76
769,400,35,82
770,478,42,94
771,326,26,83
772,201,36,93
773,409,11,66
774,164,3,64
775,183,35,69
776,51,13,85
777,218,6,87
778,118,50,83
779,13,50,85
780,237,20,88
781,315,40,89
782,103,12,60
783,425,13,61
784,258,34,98
785,465,16,77
786,304,40,87
787,262,44,85
788,138,39,98
789,2,15,92
790,189,16,86
791,134,37,100
792,215,45,63
793,17,40,92
794,116,44,83
795,59,34,67
796,271,5,61
797,215,4,97
798,223,25,76
799,391,24,92
800,60,6,96
801,115,18,61
802,28,28,71
803,378,30,72
804,302,8,98
805,355,39,75
806,380,33,95
807,291,22,96
808,365,49,87
809,32,48,60
810,282,16,60
811,225,22,90
812,187,41,86
813,476,21,73
814,233,5,64
815,265,3,81
816,302,2,68
817,237,26,72
818,478,49,81
819,442,15,98
820,180,36,97
821,207,45,74
822,200,1,91
823,373,39,82
824,306,28,94
825,336,37,60
826,106,30,94
827,64,13,81
828,40,41,99
829,65,15,76
830,359,39,91
831,415,25,70
832,443,24,66
833,294,16,90
834,133,45,72
835,459,28,67
836,300,11,62
837,254,34,94
838,328,31,78
839,240,5,98
840,326,39,75
841,25,27,82
842,122,32,87
843,127,27,66
844,25,3,83
845,35,30,64
846,305,28,80
847,255,3,72
848,321,22,67
849,405,22,75
850,344,46,88
851,255,18,81
852,40,49,74
853,216,20,64
854,488,18,62
855,46,22,71
856,149,16,71
857,299,9,77
858,241,47,92
859,361,23,61
860,466,43,90
861,150,44,72
862,293,10,97
863,304,20,79
864,264,1,99
865,266,34,92
866,416,5,71
867,101,37,90
868,149,30,90
869,334,2,92
870,75,24,84
871,86,41,69
872,119,24,62
873,288,4,94
874,367,2,61
875,249,24,61
876,218,25,81
877,291,2,86
878,496,14,78
879,382,1,69
880,214,37,73
881,160,19,88
882,64,32,97
883,3,15,82
884,324,16,64
885,328,20,100
886,133,31,85
887,367,43,66
888,493,41,96
889,63,1,100
890,240,45,66
891,286,5,77
892,325,34,68
893,7,24,62
894,331,12,72
895,196,6,82
896,246,20,84
897,212,11,74
898,74,2,69
899,108,7,65
900,29,14,98
901,180,47,62
902,232,21,74
903,355,27,98
904,140,23,82
905,325,26,99
906,335,34,87
907,289,26,93
908,335,25,69
909,245,47,96
910,355,50,63
911,124,48,79
912,165,32,95
913,440,45,92
914,156,5,63
915,71,24,72
916,227,1,90
917,145,31,80
918,104,10,77
919,20,3,76
920,63,16,61
921,52,31,99
922,325,49,97
923,408,39,72
924,270,38,91
925,107,10,66
926,156,6,79
927,186,8,82
928,293,16,87
929,266,36,81
930,247,42,76
931,130,5,79
932,215,3,91
933,319,24,99
934,298,46,73
935,243,31,62
936,354,2,100
937,379,29,61
938,27,33,62
939,81,40,61
940,370,32,67
941,359,38,71
942,255,28,66
943,412,43,80
944,419,30,68
945,12,27,92
946,183,39,68
947,391,33,60
948,5,38,81
949,214,46,75
950,313,6,96
951,101,27,98
952,90,31,73
953,218,2,84
954,455,27,100
955,74,13,62
956,330,7,85
957,456,7,76
958,343,23,81
959,309,28,93
960,128,9,95
961,438,5,63
962,265,49,90
963,44,20,69
964,269,7,66
965,436,15,78
966,447,9,74
967,325,33,70
968,17,45,67
969,117,34,90
970,23,30,70
971,322,10,82
972,270,3,90
973,34,23,91
974,407,14,60
975,282,2,62
976,329,7,73
977,321,43,86
978,246,4,66
979,1,37,89
980,391,27,100
981,251,47,66
982,146,7,83
983,456,17,86
984,497,48,79
985,433,3,90
986,486,29,81
987,57,20,80
988,167,15,90
989,195,32,87
990,137,8,61
991,268,7,72
992,85,32,72
993,307,27,75
994,344,20,63
995,262,23,62
996,107,21,65
997,452,15,84
998,77,39,91
999,459,29,66
1000,375,23,69
1001,127,42,94
1002,186,49,63
1003,426,35,67
1004,458,15,73
1005,293,3,65
1006,224,8,76
1007,85,45,83
1008,146,15,98
1009,453,34,77
1010,274,48,68
1011,6,10,89
1012,425,11,96
1013,482,33,97
1014,171,26,75
1015,96,33,100
1016,64,36,74
1017,133,46,84
1018,183,11,86
1019,481,49,89
1020,60,17,75
1021,177,34,67
1022,189,45,70
1023,451,30,96
1024,197,50,67
1025,24,47,77
1026,356,4,95
1027,113,49,71
1028,365,8,93
1029,441,41,95
1030,113,25,94
1031,175,5,80
1032,309,17,78
1033,291,14,84
1034,255,5,85
1035,209,46,84
1036,367,40,85
1037,67,7,86
1038,87,26,100
1039,305,38,95
1040,139,24,71
1041,64,48,63
1042,331,11,97
1043,117,42,76
1044,180,34,74
1045,324,23,61
1046,433,40,67
1047,393,25,93
1048,386,6,100
1049,117,2,94
1050,473,35,74
1051,378,42,70
1052,318,46,64
1053,472,37,98
1054,203,35,88
1055,102,48,60
1056,45,38,68
1057,313,23,85
1058,31,13,89
1059,216,22,62
1060,2,48,75
1061,430,36,87
1062,322,6,89
1063,340,22,90
1064,142,30,97
1065,348,17,66
1066,194,45,82
1067,235,17,81
1068,470,7,75
1069,487,29,87
1070,335,34,76
1071,331,2,77
1072,107,12,68
1073,403,3,93
1074,156,49,87
1075,159,34,91
1076,254,2,63
1077,225,30,86
1078,192,44,77
1079,187,23,75
1080,452,30,90
1081,362,21,86
1082,161,46,70
1083,287,47,69
1084,359,41,69
1085,81,48,95
1086,374,42,86
1087,136,42,85
1088,41,29,61
1089,156,14,98
1090,463,31,100
1091,248,11,67
1092,156,43,63
1093,176,18,80
1094,101,20,70
1095,342,45,90
1096,152,44,97
1097,243,39,85
1098,12,25,95
1099,241,20,61
1100,310,8,88
1101,65,47,89
1102,423,31,64
1103,186,16,75
1104,237,43,86
1105,446,23,63
1106,7,4,91
1107,232,44,66
1108,45,45,68
1109,325,11,73
1110,265,30,90
1111,352,41,99
1112,173,3,62
1113,191,24,92
1114,244,40,62
1115,192,36,72
1116,370,15,98
1117,107,24,86
1118,165,24,94
1119,338,8,67
1120,342,23,76
1121,425,14,76
1122,359,40,79
1123,256,39,60
1124,34,34,63
1125,81,31,94
1126,394,50,76
1127,372,8,75
1128,449,42,83
1129,485,13,81
1130,350,47,77
1131,45,38,79
1132,133,42,76
1133,362,11,72
1134,405,22,76
1135,258,34,76
1136,391,41,75
1137,490,24,85
1138,363,18,73
1139,366,48,91
1140,490,18,77
1141,441,47,79
1142,478,3,82
1143,344,7,88
1144,400,34,99
1145,125,48,70
1146,73,41,77
1147,130,7,83
1148,332,47,94
1149,175,2,61
1150,231,39,88
1151,261,26,81
1152,245,40,78
1153,12,14,81
1154,354,36,97
1155,199,20,63
1156,93,3,91
1157,115,23,87
1158,396,25,81
1159,421,31,79
1160,201,14,61
1161,312,36,90
1162,212,17,77
1163,390,2,66
1164,13,19,63
1165,166,16,86
1166,292,17,91
1167,374,15,75
1168,280,19,97
1169,396,42,64
1170,74,27,97
1171,12,26,82
1172,421,37,91
1173,475,1,100
1174,303,46,98
1175,465,31,61
1176,71,50,97
1177,469,30,88
1178,71,45,95
1179,49,41,89
1180,283,41,60
1181,270,12,81
1182,199,1,75
1183,103,18,85
1184,95,20,94
1185,198,16,71
1186,59,33,81
1187,211,45,74
1188,82,15,79
1189,193,28,76
1190,227,15,87
1191,457,22,79
1192,258,39,71
1193,427,16,100
1194,433,39,99
1195,211,6,63
1196,122,46,75
1197,466,23,65
1198,24,9,95
1199,99,8,61
1200,224,27,76
1201,281,13,64
1202,87,43,85
1203,135,28,62
1204,450,8,68
1205,443,23,99
1206,157,32,69
1207,463,20,81
1208,143,9,86
1209,152,34,73
1210,134,15,68
1211,456,42,81
1212,455,29,79
1213,127,2,94
1214,440,22,66
1215,260,22,75
1216,1,9,92
1217,410,17,64
1218,150,23,93
1219,413,6,93
1220,402,15,97
1221,32,11,95
1222,94,36,86
1223,354,43,93
1224,121,4,65
1225,350,40,67
1226,50,48,88
1227,473,39,87
1228,362,22,85
1229,244,3,72
1230,236,35,91
1231,380,25,63
1232,203,6,98
1233,128,34,72
1234,191,46,91
1235,223,37,74
1236,472,1,71
1237,368,21,75
1238,216,43,91
1239,338,46,76
1240,383,11,72
1241,143,22,92
1242,49,14,71
1243,190,18,69
1244,98,34,92
1245,146,29,80
1246,161,7,91
1247,244,31,65
1248,244,14,95
1249,427,37,65
1250,322,22,94
1251,496,25,85
1252,157,20,91
1253,410,42,82
1254,499,2,99
1255,58,34,74
1256,484,47,82
1257,53,45,68
1258,426,27,70
1259,177,14,78
1260,485,14,81
1261,298,15,95
1262,51,9,100
1263,64,30,64
1264,106,26,86
1265,433,10,76
1266,198,15,74
1267,317,39,82
1268,107,18,66
1269,322,13,76
1270,232,46,65
1271,385,50,76
1272,463,18,64
1273,121,50,98
1274,378,7,99
1275,375,8,92
1276,27,19,78
1277,358,50,65
1278,224,31,91
1279,134,11,100
1280,408,29,85
1281,367,18,67
1282,323,33,65
1283,10,25,75
1284,399,23,63
1285,302,12,93
1286,373,19,62
1287,163,38,67
1288,36,38,91
1289,19,17,76
1290,304,49,93
1291,259,10,61
1292,75,27,74
1293,54,25,96
1294,176,11,72
1295,97,48,67
1296,405,11,75
1297,6,31,82
1298,193,35,96
1299,392,28,84
1300,499,20,76
1301,19,45,61
1302,321,44,90
1303,433,1,67
1304,122,26,89
1305,112,30,86
1306,345,23,74
1307,278,4,92
1308,294,44,75
1309,331,5,74
1310,231,49,86
1311,183,21,68
1312,16,46,94
1313,90,30,75
1314,239,14,83
1315,354,27,79
1316,140,26,96
1317,90,3,90
1318,378,8,77
1319,267,27,98
1320,199,1,61
1321,230,48,82
1322,100,13,65
1323,28,44,77
1324,331,24,75
1325,119,29,87
1326,383,2,95
1327,106,50,80
1328,105,43,68
1329,162,2,62
1330,353,45,86
1331,72,13,68
1332,166,33,62
1333,85,42,75
1334,402,46,91
1335,237,19,87
1336,373,40,61
1337,305,36,76
1338,460,1,65
1339,136,40,65
1340,447,17,90
1341,351,45,88
1342,354,43,73
1343,229,34,92
1344,335,18,94
1345,343,36,80
1346,219,45,95
1347,443,22,91
1348,80,16,62
1349,17,2,86
1350,377,9,73
1351,445,43,80
1352,309,32,76
1353,29,41,99
1354,25,17,62
1355,65,6,80
1356,378,43,81
1357,138,5,89
1358,275,30,79
1359,116,1,62
1360,155,28,91
1361,166,47,87
1362,241,37,65
1363,47,31,84
1364,456,5,60
1365,208,38,66
1366,144,15,100
1367,90,34,91
1368,273,44,80
1369,122,12,91
1370,187,45,89
1371,408,43,100
1372,41,29,66
1373,415,42,98
1374,311,31,66
1375,498,48,91
1376,480,1,84
1377,159,21,71
1378,327,46,68
1379,390,13,66
1380,248,29,88
1381,77,29,97
1382,371,17,65
1383,92,27,93
1384,49,27,67
1385,41,22,67
1386,79,40,84
1387,191,25,92
1388,479,42,84
1389,209,50,74
1390,306,17,98
1391,387,16,93
1392,400,41,75
1393,437,44,98
1394,245,16,76
1395,236,21,100
1396,52,12,63
1397,39,18,90
1398,296,42,72
1399,443,17,92
1400,396,33,65
1401,258,48,80
1402,185,34,63
1403,120,8,95
1404,448,47,81
1405,85,16,69
1406,47,9,93
1407,80,36,88
1408,108,14,90
1409,395,29,83
1410,408,1,92
1411,483,13,68
1412,181,28,68
1413,249,8,63
1414,492,13,61
1415,398,4,80
1416,206,33,94
1417,171,14,70
1418,206,2,92
1419,393,49,88
1420,443,8,76
1421,38,30,61
1422,471,25,82
1423,120,34,99
1424,96,18,83
1425,36,37,86
1426,103,50,64
1427,449,17,76
1428,465,32,68
1429,221,36,74
1430,69,3,66
1431,479,12,86
1432,38,4,87
1433,496,9,92
1434,75,21,78
1435,287,29,94
1436,349,16,74
1437,92,35,86
1438,196,45,91
1439,1,36,74
1440,428,35,90
1441,449,41,96
1442,434,50,81
1443,215,22,80
1444,27,14,75
1445,465,12,68
1446,80,7,95
1447,147,38,77
1448,447,3,80
1449,70,47,81
1450,208,49,92
1451,472,38,76
1452,396,29,75
1453,42,39,98
1454,89,32,98
1455,271,38,83
1456,425,36,83
1457,112,41,73
1458,159,12,68
1459,243,18,69
1460,26,27,78
1461,185,6,75
1462,53,18,87
1463,41,1,87
1464,257,35,65
1465,354,21,100
1466,262,40,95
1467,175,48,64
1468,311,50,62
1469,269,13,75
1470,350,35,94
1471,477,5,88
1472,243,25,92
1473,149,49,62
1474,63,26,77
1475,132,33,69
1476,179,9,73
1477,255,44,74
1478,208,2,76
1479,94,37,89
1480,142,17,64
1481,451,8,96
1482,108,3,87
1483,186,36,95
1484,245,23,65
1485,312,50,81
1486,465,42,99
1487,312,31,69
1488,475,5,78
1489,121,26,92
1490,263,29,68
1491,41,7,99
1492,487,7,71
1493,305,28,98
1494,159,2,63
1495,172,14,99
1496,255,23,93
1497,244,14,66
1498,412,38,75
1499,105,11,90
1500,210,2,62
1501,72,43,90
1502,287,39,77
1503,74,12,62
1504,226,44,100
1505,176,5,72
1506,153,28,63
1507,14,35,61
1508,492,23,92
1509,88,31,99
1510,447,39,73
1511,164,44,66
1512,219,17,94
1513,259,50,73
1514,74,33,81
1515,185,12,68
1516,133,2,90
1517,196,7,96
1518,99,2,76
1519,255,38,95
1520,315,19,63
1521,481,6,97
1522,254,20,65
1523,337,46,88
1524,323,11,69
1525,327,41,80
1526,237,39,77
1527,215,2,90
1528,136,28,87
1529,310,47,89
1530,134,29,70
1531,146,25,97
1532,282,34,91
1533,105,2,62
1534,421,45,71
1535,76,9,79
1536,49,9,91
1537,353,10,71
1538,111,29,88
1539,131,33,91
1540,236,49,79
1541,304,17,98
1542,456,13,94
1543,454,11,83
1544,247,13,100
1545,305,37,91
1546,431,9,66
1547,382,25,84
1548,410,25,63
1549,404,24,96
1550,375,29,67
1551,251,42,90
1552,438,14,71
1553,242,35,64
1554,371,19,94
1555,2,26,92
1556,155,33,82
1557,147,23,84
1558,61,9,95
1559,473,4,86
1560,190,41,62
1561,285,28,80
1562,74,22,94
1563,134,27,72
1564,255,34,69
1565,62,18,60
1566,492,30,91
1567,380,17,72
1568,124,37,79
1569,368,41,86
1570,446,36,97
1571,83,30,60
1572,69,23,62
1573,190,42,87
1574,165,18,88
1575,30,7,87
1576,456,29,81
1577,475,27,78
1578,237,38,100
1579,300,34,82
1580,320,14,69
1581,87,12,96
1582,447,28,74
1583,153,6,67
1584,334,39,82
1585,318,15,65
1586,399,38,100
1587,62,3,99
1588,9,43,87
1589,17,46,84
1590,415,2,96
1591,273,50,62
1592,358,13,91
1593,418,47,72
1594,88,26,93
1595,453,31,79
1596,25,32,69
1597,199,27,99
1598,15,49,77
1599,74,29,64
1600,344,19,93
1601,469,4,93
1602,65,3,83
1603,32,6,69
1604,193,49,88
1605,293,22,81
1606,445,23,95
1607,395,13,70
1608,14,14,71
1609,212,22,100
1610,136,34,81
1611,328,44,68
1612,451,4,91
1613,386,47,77
1614,89,32,79
1615,466,32,78
1616,342,22,86
1617,336,3,93
1618,60,8,63
1619,414,16,75
1620,227,11,83
1621,95,36,65
1622,235,48,91
1623,136,49,84
1624,478,20,65
1625,83,8,93
1626,188,17,85
1627,472,12,85
1628,328,12,69
1629,116,31,74
1630,45,47,79
1631,308,28,85
1632,480,9,84
1633,262,34,69
1634,224,18,61
1635,65,19,97
1636,127,26,81
1637,327,28,61
1638,368,48,71
1639,485,9,90
1640,310,20,61
1641,374,36,91
1642,66,47,69
1643,254,11,98
1644,87,19,64
1645,19,16,82
1646,324,16,88
1647,20,28,91
1648,63,42,68
1649,135,41,63
1650,200,46,73
1651,464,1,75
1652,387,49,94
1653,26,47,61
1654,179,21,61
1655,153,16,70
1656,133,38,75
1657,27,49,88
1658,391,27,60
1659,292,7,83
1660,409,33,78
1661,470,8,91
1662,22,31,69
1663,67,19,83
1664,293,37,63
1665,131,33,69
1666,328,23,84
1667,374,5,73
1668,221,14,63
1669,468,5,93
1670,100,44,65
1671,288,42,96
1672,273,29,69
1673,29,29,65
1674,40,43,89
1675,165,20,67
1676,40,31,76
1677,341,15,67
1678,27,18,77
1679,317,38,60
1680,261,25,81
1681,484,44,90
1682,180,41,100
1683,194,30,100
1684,64,15,94
1685,100,22,64
1686,99,38,76
1687,137,11,74
1688,471,31,62
1689,322,23,83
1690,463,41,70
1691,322,12,91
1692,390,41,71
1693,158,16,100
1694,438,50,71
1695,354,24,99
1696,319,6,68
1697,163,18,94
1698,311,19,98
1699,232,31,64
1700,468,35,64
1701,66,15,79
1702,301,5,66
1703,439,11,70
1704,379,31,95
1705,14,1,90
1706,170,16,71
1707,287,24,98
1708,249,18,96
1709,416,42,91
1710,304,45,75
1711,473,28,87
1712,46,5,91
1713,442,14,60
1714,307,32,60
1715,285,45,82
1716,269,35,65
1717,115,38,66
1718,485,7,91
1719,55,41,90
1720,128,3,71
1721,188,14,64
1722,469,40,72
1723,372,49,73
1724,310,36,97
1725,247,41,79
1726,188,31,68
1727,366,27,85
1728,493,20,92
1729,33,32,75
1730,231,3,94
1731,15,37,63
1732,246,20,82
1733,348,28,74
1734,488,50,71
1735,94,44,84
1736,465,16,68
1737,269,14,77
1738,72,25,82
1739,295,14,83
1740,15,3,72
1741,140,14,98
1742,116,34,80
1743,359,39,87
1744,95,18,76
1745,207,19,76
1746,483,25,98
1747,71,44,97
1748,54,43,64
1749,100,27,65
1750,202,36,97
1751,197,1,63
1752,13,11,99
1753,411,8,87
1754,466,22,97
1755,170,14,70
1756,408,13,87
1757,89,12,100
1758,382,4,93
1759,341,33,83
1760,241,23,75
1761,462,7,61
1762,385,22,73
1763,409,16,80
1764,8,32,79
1765,322,22,63
1766,322,9,97
1767,280,12,63
1768,484,10,91
1769,122,45,79
1770,408,3,92
1771,49,9,69
1772,72,24,67
1773,478,15,63
1774,46,20,83
1775,429,27,80
1776,384,37,89
1777,475,41,71
1778,238,13,60
1779,103,6,68
1780,491,6,63
1781,37,11,91
1782,225,39,93
1783,10,12,86
1784,174,24,90
1785,70,9,98
1786,291,16,94
1787,6,24,64
1788,322,40,64
1789,237,34,96
1790,266,39,85
1791,192,18,80
1792,256,30,77
1793,158,9,74
1794,107,18,61
1795,48,49,69
1796,170,32,65
1797,78,6,93
1798,167,31,64
1799,80,15,63
1800,496,50,77
1801,95,9,84
1802,372,49,82
1803,197,1,89
1804,152,20,67
1805,212,40,100
1806,398,25,91
1807,482,44,77
1808,386,4,75
1809,154,33,92
1810,207,2,90
1811,310,36,66
1812,12,21,97
1813,371,16,99
1814,285,39,70
1815,210,41,94
1816,21,41,87
1817,206,19,89
1818,107,47,96
1819,16,47,77
1820,338,1,91
1821,132,6,95
1822,68,48,75
1823,388,46,68
1824,497,30,76
1825,289,1,81
1826,35,37,75
1827,472,45,75
1828,303,20,83
1829,469,18,74
1830,280,13,71
1831,42,26,86
1832,237,26,81
1833,77,5,65
1834,357,18,89
1835,1,41,69
1836,163,12,60
1837,214,12,62
1838,448,40,66
1839,289,15,95
1840,348,48,88
1841,3,20,60
1842,26,11,78
1843,37,43,82
1844,210,34,64
1845,65,37,99
1846,84,27,78
1847,50,38,78
1848,301,23,75
1849,403,4,97
1850,180,37,62
1851,250,3,98
1852,369,36,61
1853,106,31,78
1854,256,34,68
1855,29,13,84
1856,82,21,83
1857,423,47,88
1858,452,25,100
1859,184,48,96
1860,466,50,97
1861,350,12,86
1862,361,13,72
1863,408,47,61
1864,162,29,88
1865,373,36,98
1866,10,26,92
1867,468,19,96
1868,217,37,66
1869,378,8,94
1870,381,27,72
1871,157,4,64
1872,437,9,64
1873,254,20,95
1874,350,8,79
1875,146,5,83
1876,368,8,65
1877,351,33,93
1878,124,32,83
1879,230,50,95
1880,325,10,82
1881,365,33,81
1882,497,3,62
1883,216,12,90
1884,365,19,73
1885,175,14,74
1886,262,22,90
1887,365,45,73
1888,32,47,69
1889,95,36,86
1890,341,16,91
1891,389,37,88
1892,226,41,84
1893,75,28,62
1894,470,50,74
1895,158,35,74
1896,316,8,93
1897,490,10,69
1898,442,20,71
1899,496,43,66
1900,290,28,85
1901,399,25,62
1902,380,29,63
1903,492,6,88
1904,480,13,86
1905,197,30,69
1906,118,42,71
1907,259,41,85
1908,448,38,95
1909,87,6,90
1910,210,17,89
1911,390,13,68
1912,361,7,92
1913,465,17,93
1914,411,25,86
1915,285,27,80
1916,452,32,98
1917,172,37,73
1918,483,1,69
1919,28,48,82
1920,34,12,83
1921,39,2,90
1922,333,8,65
1923,326,44,88
1924,78,21,87
1925,333,45,96
1926,444,2,83
1927,230,14,80
1928,102,41,84
1929,478,40,77
1930,388,39,81
1931,151,30,70
1932,6,19,83
1933,172,45,73
1934,414,23,62
1935,243,16,60
1936,449,48,90
1937,475,46,81
1938,365,32,69
1939,28,43,89
1940,32,47,78
1941,200,34,97
1942,49,19,96
1943,359,38,66
1944,317,32,91
1945,91,34,79
1946,317,34,66
1947,402,46,96
1948,61,23,99
1949,180,26,100
1950,382,20,66
1951,389,12,89
1952,222,48,87
1953,61,15,70
1954,294,41,75
1955,3,40,66
1956,321,34,82
1957,424,1,62
1958,15,19,83
1959,93,28,70
1960,245,14,61
1961,68,22,75
1962,227,44,94
1963,478,20,82
1964,191,50,71
1965,381,5,60
1966,173,12,89
1967,98,34,97
1968,418,31,82
1969,310,18,78
1970,235,19,70
1971,362,18,64
1972,292,26,84
1973,293,21,69
1974,180,21,95
1975,68,7,68
1976,103,18,69
1977,476,3,92
1978,219,23,96
1979,434,10,78
1980,459,50,70
1981,412,25,92
1982,169,16,70
1983,474,11,87
1984,258,48,65
1985,145,50,66
1986,387,26,81
1987,108,39,70
1988,264,18,68
1989,91,3,84
1990,38,35,77
1991,305,1,83
1992,123,41,69
1993,76,47,85
1994,90,24,69
1995,404,46,94
1996,235,7,93
1997,204,30,91
1998,288,33,97
1999,459,34,78
2000,296,30,63
2001,253,7,89
2002,420,29,69
2003,228,46,80
2004,25,30,87
2005,390,7,68
2006,297,17,98
2007,132,50,67
2008,450,38,77
2009,232,12,87
2010,296,11,67
2011,73,49,65
2012,63,20,61
2013,435,8,80
2014,81,12,65
2015,230,10,73
2016,171,17,66
2017,198,9,87
2018,68,5,70
2019,312,32,97
2020,468,25,86
2021,477,22,61
2022,18,9,99
2023,432,40,62
2024,3,32,66
2025,486,16,97
2026,94,30,84
2027,308,36,75
2028,210,6,71
2029,268,35,90
2030,455,10,69
2031,274,27,74
2032,194,45,68
2033,41,46,75
2034,395,18,77
2035,200,20,78
2036,262,16,80
2037,102,2,78
2038,47,35,71
2039,459,19,70
2040,358,26,78
2041,230,33,98
2042,187,18,91
2043,92,28,83
2044,429,33,96
2045,67,48,87
2046,219,17,81
2047,352,40,61
2048,293,15,66
2049,344,38,65
2050,153,30,95
2051,268,3,66
2052,483,1,97
2053,8,47,61
2054,431,46,98
2055,46,49,75
2056,316,26,73
2057,446,7,63
2058,85,4,86
2059,497,37,67
2060,225,5,64
2061,78,8,74
2062,390,4,62
2063,225,16,73
2064,145,27,80
2065,333,24,73
2066,274,39,60
2067,108,40,69
2068,189,5,88
2069,43,5,99
2070,171,32,95
2071,237,27,62
2072,227,38,83
2073,441,31,95
2074,37,41,66
2075,68,3,94
2076,277,36,85
2077,14,7,67
2078,404,8,73
2079,370,24,62
2080,138,10,60
2081,28,41,72
2082,417,29,77
2083,439,2,88
2084,283,40,79
2085,206,49,61
2086,500,18,93
2087,377,12,91
2088,402,27,67
2089,96,4,77
2090,110,45,86
2091,488,38,65
2092,428,20,60
2093,348,31,67
2094,492,12,72
2095,324,2,65
2096,45,17,69
2097,388,35,88
2098,411,10,100
2099,78,14,71
2100,303,45,73
2101,468,33,86
2102,423,50,84
2103,7,18,74
2104,282,42,79
2105,451,43,98
2106,429,27,82
2107,249,21,83
2108,160,23,88
2109,401,25,100
2110,205,7,93
2111,294,12,75
2112,92,32,95
2113,381,50,75
2114,447,49,74
2115,198,36,76
2116,487,40,66
2117,210,44,66
2118,251,21,77
2119,64,28,77
2120,81,5,74
2121,213,15,68
2122,383,36,74
2123,414,27,72
2124,58,8,62
2125,398,49,68
2126,344,19,91
2127,147,48,81
2128,78,33,61
2129,104,45,71
2130,119,21,76
2131,459,20,60
2132,115,2,61
2133,97,41,74
2134,341,20,80
2135,81,4,66
2136,284,5,84
2137,374,41,97
2138,285,19,63
2139,337,15,95
2140,494,7,87
2141,103,7,71
2142,79,6,85
2143,396,28,65
2144,202,45,78
2145,198,7,95
2146,406,3,95
2147,422,42,83
2148,491,11,81
2149,73,11,68
2150,225,19,60
2151,83,2,62
2152,316,33,66
2153,395,33,99
2154,329,40,78
2155,338,44,93
2156,352,11,68
2157,379,16,64
2158,1,30,69
2159,418,31,96
2160,68,41,82
2161,281,39,81
2162,392,20,74
2163,185,41,73
2164,400,6,91
2165,440,22,98
2166,277,23,94
2167,161,16,63
2168,251,34,64
2169,167,30,64
2170,232,46,98
2171,249,13,64
2172,459,48,97
2173,90,39,92
2174,332,19,70
2175,252,3,79
2176,304,12,90
2177,364,3,76
2178,371,2,71
2179,186,11,78
2180,480,8,97
2181,58,5,78
2182,386,35,81
2183,256,6,91
2184,367,19,92
2185,190,12,63
2186,288,4,84
2187,70,18,88
2188,173,8,68
2189,267,21,92
2190,335,40,84
2191,199,38,76
2192,263,46,65
2193,234,31,64
2194,230,5,70
2195,388,38,72
2196,132,6,93
2197,402,19,69
2198,7,43,75
2199,1,37,85
2200,484,33,67
2201,171,14,98
2202,226,7,70
2203,464,33,83
2204,438,19,71
2205,98,38,81
2206,410,12,90
2207,131,32,91
2208,12,8,71
2209,286,10,86
2210,415,26,62
2211,185,42,64
2212,88,23,91
2213,136,11,78
2214,230,5,65
2215,485,21,93
2216,15,46,87
2217,388,28,98
2218,256,9,60
2219,91,23,96
2220,475,25,77
2221,317,5,76
2222,219,37,100
2223,484,43,69
2224,371,14,84
2225,124,50,94
2226,288,38,73
2227,285,24,75
2228,466,30,63
2229,55,37,95
2230,382,23,98
2231,433,24,94
2232,75,25,81
2233,190,23,69
2234,225,18,96
2235,129,5,88
2236,388,34,71
2237,112,38,96
2238,179,31,74
2239,440,37,71
2240,5,6,85
2241,348,42,89
2242,349,16,87
2243,374,46,69
2244,224,29,69
2245,50,25,94
2246,150,45,62
2247,41,40,86
2248,272,17,87
2249,249,19,78
2250,187,14,65
2251,25,8,61
2252,460,8,75
2253,487,27,97
2254,245,1,72
2255,137,7,99
2256,77,50,80
2257,184,32,100
2258,291,3,71
2259,135,32,75
2260,214,23,98
2261,401,36,79
2262,470,49,87
2263,359,15,78
2264,192,47,65
2265,379,16,97
2266,4,10,97
2267,460,9,71
2268,500,15,83
2269,81,46,79
2270,282,24,69
2271,376,32,64
2272,200,30,100
2273,158,18,86
2274,112,2,73
2275,189,26,65
2276,350,6,81
2277,284,30,92
2278,13,6,89
2279,373,21,96
2280,318,12,66
2281,400,11,90
2282,6,33,65
2283,87,44,96
2284,283,46,60
2285,295,37,68
2286,481,23,81
2287,407,14,68
2288,290,41,100
2289,425,13,94
2290,170,41,97
2291,162,6,90
2292,252,13,75
2293,185,38,100
2294,73,11,83
2295,429,30,99
2296,497,50,98
2297,229,20,75
2298,159,11,64
2299,8,38,80
2300,481,27,71
2301,90,9,84
2302,105,20,95
2303,415,31,88
2304,447,25,73
2305,396,5,86
2306,118,20,79
2307,262,41,88
2308,409,26,67
2309,151,40,74
2310,111,25,90
2311,281,45,74
2312,163,15,85
2313,80,26,100
2314,74,26,71
2315,120,12,77
2316,342,34,95
2317,234,28,75
2318,461,8,91
2319,185,7,69
2320,378,10,63
2321,500,50,71
2322,211,47,60
2323,209,33,74
2324,290,7,61
2325,136,28,96
2326,137,13,97
2327,130,1,81
2328,131,26,98
2329,360,7,62
2330,210,46,90
2331,491,23,61
2332,453,27,81
2333,246,46,84
2334,434,33,60
2335,454,5,86
2336,360,35,77
2337,490,40,90
2338,224,29,64
2339,39,22,94
2340,283,45,74
2341,446,38,98
2342,383,20,65
2343,27,36,96
2344,350,27,95
2345,149,10,72
2346,29,33,82
2347,301,27,74
2348,237,8,83
2349,192,2,88
2350,419,14,85
2351,132,15,77
2352,385,22,95
2353,454,5,81
2354,374,50,92
2355,428,48,79
2356,324,14,76
2357,124,6,60
2358,310,38,87
2359,260,48,89
2360,11,39,61
2361,251,13,89
2362,403,29,74
2363,181,24,71
2364,368,42,67
2365,73,46,86
2366,81,18,63
2367,184,42,89
2368,211,8,68
2369,303,20,97
2370,73,46,62
2371,152,8,88
2372,474,17,60
2373,493,40,89
2374,282,5,67
2375,65,18,79
2376,163,26,81
2377,192,44,72
2378,272,40,74
2379,31,50,77
2380,417,37,67
2381,196,45,78
2382,12,38,99
2383,269,15,73
2384,371,8,70
2385,158,43,71
2386,216,22,72
2387,269,4,61
2388,121,22,80
2389,143,34,84
2390,228,18,100
2391,106,28,65
2392,125,38,69
2393,477,14,100
2394,405,8,71
2395,271,16,79
2396,349,37,62
2397,7,33,73
2398,3,6,84
2399,358,38,100
2400,450,38,73
2401,40,38,78
2402,313,6,76
2403,308,21,83
2404,292,24,95
2405,17,17,90
2406,177,29,96
2407,282,33,95
2408,34,3,82
2409,282,27,66
2410,487,36,98
2411,126,42,96
2412,383,32,99
2413,284,5,99
2414,456,47,95
2415,364,7,75
2416,52,36,90
2417,367,31,99
2418,73,41,86
2419,301,47,84
2420,344,42,95
2421,273,27,84
2422,38,8,64
2423,156,20,62
2424,344,2,71
2425,366,20,91
2426,46,21,61
2427,374,32,98
2428,252,7,89
2429,140,16,92
2430,136,44,66
2431,299,38,77
2432,383,41,90
2433,353,49,90
2434,77,11,82
2435,167,3,73
2436,11,10,79
2437,479,34,71
2438,270,23,80
2439,192,15,75
2440,440,32,89
2441,139,4,98
2442,420,12,60
2443,206,20,81
2444,79,14,100
2445,467,18,95
2446,90,3,68
2447,45,40,64
2448,450,21,76
2449,178,40,82
2450,76,7,79
2451,288,17,93
2452,203,9,90
2453,266,34,79
2454,96,29,69
2455,213,22,94
2456,125,39,76
2457,445,35,75
2458,166,3,80
2459,247,21,86
2460,476,30,87
2461,169,31,70
2462,94,38,96
2463,148,28,81
2464,424,33,95
2465,405,50,70
2466,340,38,91
2467,4,12,86
2468,276,30,69
2469,355,34,69
2470,304,46,96
2471,55,12,75
2472,200,19,63
2473,11,29,79
2474,426,33,63
2475,416,38,84
2476,207,15,85
2477,68,8,63
2478,271,25,72
2479,394,15,96
2480,427,5,66
2481,149,5,64
2482,151,6,91
2483,59,33,100
2484,261,32,83
2485,158,41,70
2486,358,1,94
2487,278,10,90
2488,189,15,99
2489,379,27,82
2490,279,43,77
2491,397,19,77
2492,198,37,62
2493,36,50,77
2494,67,36,80
2495,36,5,83
2496,236,39,86
2497,88,23,93
2498,269,5,64
2499,350,7,86
2500,417,34,95
2501,486,44,80
2502,88,16,93
2503,483,26,88
2504,346,23,86
2505,29,19,95
2506,57,2,92
2507,105,27,89
2508,229,12,71
2509,48,32,65
2510,242,21,61
2511,96,24,90
2512,150,32,65
2513,414,20,64
2514,137,28,62
2515,390,40,66
2516,176,1,97
2517,203,5,100
2518,121,33,71
2519,279,46,93
2520,15,12,78
2521,400,4,63
2522,24,18,72
2523,11,3,75
2524,306,11,61
2525,305,44,87
2526,190,42,87
2527,342,11,96
2528,371,13,70
2529,320,10,65
2530,422,6,78
2531,209,32,78
2532,272,31,84
2533,390,32,86
2534,244,10,100
2535,321,2,73
2536,152,5,72
2537,400,40,77
2538,102,11,90
2539,282,27,91
2540,430,30,98
2541,291,33,72
2542,355,23,72
2543,115,28,69
2544,57,47,74
2545,277,43,60
2546,239,38,88
2547,279,9,89
2548,100,46,67
2549,305,26,85
2550,119,14,92
2551,11,43,100
2552,294,39,63
2553,240,18,79
2554,298,45,99
2555,117,39,96
2556,66,22,94
2557,30,49,98
2558,156,6,69
2559,452,26,99
2560,140,15,88
2561,198,30,81
2562,399,36,86
2563,69,25,93
2564,18,26,80
2565,201,46,96
2566,32,11,79
2567,196,27,60
2568,303,31,73
2569,464,44,70
2570,422,26,88
2571,415,38,86
2572,209,30,65
2573,163,38,73
2574,319,6,95
2575,469,14,77
2576,125,25,75
2577,157,30,91
2578,478,26,88
2579,148,13,92
2580,185,17,78
2581,309,50,93
2582,79,24,83
2583,462,1,71
2584,438,50,95
2585,144,20,69
2586,225,3,78
2587,266,46,74
2588,190,31,96
2589,259,48,63
2590,17,49,61
2591,393,9,95
2592,385,3,78
2593,491,50,79
2594,493,18,80
2595,329,3,65
2596,430,8,61
2597,387,32,72
2598,393,18,100
2599,491,15,70
2600,214,12,89
2601,378,42,60
2602,17,49,68
2603,202,29,73
2604,94,3,80
2605,361,30,63
2606,72,16,83
2607,278,30,70
2608,297,20,68
2609,376,47,86
2610,157,2,68
2611,385,18,86
2612,65,5,93
2613,200,2,63
2614,124,15,81
2615,477,33,94
2616,180,41,61
2617,396,10,78
2618,223,31,60
2619,458,36,78
2620,330,4,78
2621,344,6,72
2622,1,40,84
2623,460,50,91
2624,284,36,69
2625,337,7,62
2626,141,27,72
2627,105,22,85
2628,277,22,86
2629,241,34,76
2630,375,19,98
2631,94,48,63
2632,180,17,70
2633,259,14,82
2634,176,24,70
2635,103,28,89
2636,215,35,98
2637,467,33,89
2638,123,12,68
2639,292,42,61
2640,444,31,63
2641,349,38,83
2642,11,6,60
2643,136,27,84
2644,123,35,98
2645,4,3,98
2646,158,41,78
2647,320,39,93
2648,472,40,90
2649,112,34,85
2650,213,5,99
2651,16,24,84
2652,205,47,99
2653,345,2,75
2654,230,27,95
2655,342,22,73
2656,454,26,79
2657,430,5,66
2658,336,22,63
2659,80,50,74
2660,32,8,62
2661,485,50,61
2662,97,23,65
2663,15,6,82
2664,141,22,67
2665,253,12,60
2666,92,45,94
2667,301,41,99
2668,305,50,74
2669,421,19,70
2670,436,40,85
2671,454,36,89
2672,147,43,94
2673,95,14,65
2674,416,33,68
2675,126,30,60
2676,292,3,85
2677,122,39,60
2678,433,42,97
2679,118,50,94
2680,150,27,73
2681,133,21,60
2682,136,11,94
2683,309,7,83
2684,6,12,78
2685,450,48,83
2686,327,34,67
2687,206,4,78
2688,437,29,66
2689,74,6,96
2690,433,39,61
2691,358,42,60
2692,81,30,69
2693,301,19,70
2694,408,2,93
2695,312,19,86
2696,102,5,74
2697,293,33,65
2698,72,47,74
2699,432,32,94
2700,369,26,93
2701,411,32,62
2702,81,18,77
2703,271,22,85
2704,195,20,80
2705,2,38,75
2706,44,23,96
2707,182,45,62
2708,159,23,83
2709,21,23,68
2710,388,39,67
2711,239,5,76
2712,30,48,85
2713,247,2,100
2714,156,24,72
2715,10,43,91
2716,129,18,75
2717,204,17,96
2718,442,49,61
2719,196,32,81
2720,93,21,60
2721,397,40,67
2722,85,47,63
2723,32,1,91
2724,457,31,97
2725,460,14,62
2726,63,27,70
2727,220,23,98
2728,355,3,79
2729,306,22,61
2730,45,1,82
2731,453,16,68
2732,63,36,94
2733,146,44,66
2734,467,16,94
2735,332,43,67
2736,438,36,90
2737,240,3,62
2738,444,10,82
2739,407,20,92
2740,58,13,64
2741,207,31,89
2742,103,41,81
2743,442,23,60
2744,427,7,81
2745,384,21,73
2746,95,2,98
2747,22,14,90
2748,122,50,65
2749,345,37,86
2750,206,42,84
2751,334,12,76
2752,36,21,96
2753,212,36,89
2754,305,3,81
2755,116,8,99
2756,306,8,69
2757,265,3,78
2758,55,29,94
2759,279,45,99
2760,468,18,72
2761,41,23,100
2762,121,48,66
2763,160,17,98
2764,285,33,95
2765,372,39,89
2766,348,35,75
2767,33,42,66
2768,403,37,62
2769,145,11,79
2770,308,16,71
2771,417,15,71
2772,155,14,96
2773,266,48,96
2774,323,48,78
2775,496,21,68
2776,106,44,81
2777,329,9,64
2778,75,5,83
2779,113,29,68
2780,448,31,74
2781,206,2,74
2782,233,18,89
2783,286,21,70
2784,154,2,88
2785,279,29,62
2786,244,21,97
2787,489,8,67
2788,450,31,77
2789,256,39,67
2790,165,3,84
2791,138,36,94
2792,387,48,68
2793,292,32,90
2794,490,17,81
2795,485,31,66
2796,148,35,95
2797,492,1,82
2798,13,13,78
2799,81,19,79
2800,289,17,66
2801,202,42,75
2802,442,20,67
2803,424,41,62
2804,463,20,83
2805,126,22,92
2806,41,18,73
2807,442,13,66
2808,306,35,67
2809,295,29,75
2810,303,10,88
2811,285,33,95
2812,361,6,61
2813,261,30,62
2814,228,36,70
2815,194,17,84
2816,152,4,78
2817,43,12,93
2818,20,27,74
2819,27,11,97
2820,227,27,90
2821,500,37,65
2822,189,37,67
2823,73,15,84
2824,477,47,89
2825,413,20,60
2826,379,18,96
2827,262,49,67
2828,379,7,89
2829,331,39,71
2830,440,39,74
2831,183,30,98
2832,145,23,75
2833,89,42,61
2834,434,22,90
2835,438,36,76
2836,301,32,76
2837,66,6,93
2838,358,5,84
2839,205,5,72
2840,242,12,91
2841,408,31,91
2842,366,18,73
2843,51,14,100
2844,127,14,79
2845,154,36,73
2846,411,33,64
2847,17,42,98
2848,492,6,73
2849,123,10,66
2850,224,7,67
2851,22,12,79
2852,24,8,61
2853,77,11,79
2854,427,47,68
2855,436,34,64
2856,384,15,72
2857,398,37,73
2858,91,38,86
2859,397,39,76
2860,456,47,62
2861,462,23,84
2862,410,29,81
2863,409,44,69
2864,390,32,79
2865,287,43,85
2866,139,43,90
2867,301,38,60
2868,174,49,74
2869,52,12,90
2870,460,44,60
2871,298,42,63
2872,427,16,71
2873,422,14,60
2874,462,9,64
2875,148,39,81
2876,163,19,76
2877,239,41,80
2878,413,11,85
2879,450,10,81
2880,325,21,76
2881,346,18,85
2882,307,23,98
2883,500,12,96
2884,495,8,97
2885,10,35,80
2886,467,22,71
2887,111,37,61
2888,251,15,74
2889,201,18,69
2890,42,41,79
2891,285,46,72
2892,445,19,76
2893,112,25,80
2894,198,16,62
2895,381,44,77
2896,402,15,74
2897,373,10,71
2898,320,47,67
2899,222,20,66
2900,432,50,66
2901,496,47,75
2902,96,22,91
2903,129,11,77
2904,350,49,90
2905,245,20,77
2906,393,20,93
2907,23,35,66
2908,488,35,82
2909,187,17,76
2910,229,33,74
2911,436,50,80
2912,242,45,60
2913,431,13,69
2914,141,45,73
2915,382,34,79
2916,333,25,96
2917,415,5,70
2918,473,47,89
2919,344,32,74
2920,248,36,66
2921,70,4,65
2922,213,50,62
2923,255,21,79
2924,67,13,62
2925,108,42,88
2926,147,28,100
2927,180,1,75
2928,278,45,91
2929,419,2,63
2930,484,28,83
2931,436,4,82
2932,349,32,77
2933,220,19,71
2934,71,23,61
2935,387,20,78
2936,177,24,88
2937,66,44,89
2938,313,11,62
2939,55,3,76
2940,470,3,69
2941,291,3,97
2942,250,36,95
2943,99,18,85
2944,179,50,89
2945,362,20,76
2946,389,8,67
2947,376,13,93
2948,441,50,92
2949,201,47,87
2950,113,50,66
2951,136,35,73
2952,475,43,94
2953,213,50,78
2954,306,24,91
2955,314,19,71
2956,57,5,71
2957,191,44,67
2958,499,44,64
2959,106,9,61
2960,27,13,89
2961,17,37,77
2962,63,19,60
2963,251,42,85
2964,185,3,79
2965,299,37,79
2966,365,30,82
2967,329,39,98
2968,343,17,92
2969,102,27,60
2970,71,13,65
2971,40,7,65
2972,252,27,95
2973,283,25,83
2974,124,14,83
2975,361,29,81
2976,117,40,71
2977,427,50,76
2978,10,16,92
2979,183,5,96
2980,316,32,74
2981,376,5,67
2982,226,39,76
2983,262,36,67
2984,110,20,90
2985,121,23,66
2986,256,38,100
2987,57,16,85
2988,199,20,60
2989,455,25,67
2990,244,18,71
2991,413,19,100
2992,358,30,98
2993,263,48,74
2994,413,36,95
2995,354,44,72
2996,355,29,78
2997,457,30,63
2998,448,16,69
2999,174,45,92
3000,79,1,93
3001,112,15,86
3002,307,46,98
3003,137,1,91
3004,127,41,93
3005,479,13,68
3006,79,24,85
3007,387,14,83
3008,238,41,94
3009,337,2,77
3010,172,33,96
3011,355,16,76
3012,67,42,75
3013,156,10,100
3014,245,37,96
3015,321,33,63
3016,62,36,92
3017,467,17,95
3018,77,1,87
3019,475,3,96
3020,17,31,73
3021,67,19,91
3022,475,17,72
3023,14,21,92
3024,143,32,89
3025,185,5,95
3026,390,3,80
3027,119,11,87
3028,28,4,72
3029,133,20,82
3030,322,34,82
3031,158,6,84
3032,261,46,74
3033,407,46,63
3034,339,29,76
3035,19,21,70
3036,279,2,67
3037,381,14,72
3038,166,12,88
3039,8,22,74
3040,61,28,84
3041,194,50,86
3042,361,47,83
3043,220,50,84
3044,426,4,62
3045,286,1,85
3046,137,5,87
3047,9,7,66
3048,343,23,96
3049,459,11,74
3050,78,16,81
3051,482,34,70
3052,271,46,93
3053,472,42,77
3054,460,6,87
3055,362,23,71
3056,371,32,64
3057,101,4,93
3058,220,26,74
3059,297,45,97
3060,256,16,96
3061,430,46,68
3062,29,25,65
3063,453,47,83
3064,136,29,88
3065,297,3,94
3066,278,11,77
3067,272,12,76
3068,159,14,61
3069,13,48,65
3070,477,21,85
3071,84,11,96
3072,367,1,97
3073,438,49,74
3074,160,33,60
3075,171,26,79
3076,108,9,66
3077,340,14,60
3078,353,11,88
3079,115,43,77
3080,479,33,99
3081,118,4,79
3082,129,22,93
3083,305,17,68
3084,214,20,85
3085,380,7,69
3086,34,42,74
3087,330,9,89
3088,144,31,60
3089,104,45,92
3090,269,8,76
3091,23,33,95
3092,318,2,77
3093,482,34,88
3094,137,23,85
3095,434,14,86
3096,177,20,86
3097,432,26,88
3098,17,33,96
3099,328,13,67
3100,32,6,96
3101,326,44,94
3102,191,27,83
3103,206,13,61
3104,224,14,98
3105,19,2,86
3106,438,19,81
3107,181,30,97
3108,318,9,70
3109,390,32,73
3110,15,15,96
3111,128,13,86
3112,477,47,93
3113,420,20,97
3114,356,36,78
3115,18,1,92
3116,295,25,66
3117,379,50,75
3118,37,47,63
3119,105,44,62
3120,92,6,64
3121,285,11,78
3122,210,14,96
3123,334,3,89
3124,227,33,68
3125,281,9,63
3126,462,16,64
3127,89,22,76
3128,398,33,93
3129,369,16,72
3130,473,34,63
3131,337,13,89
3132,393,19,63
3133,220,50,96
3134,119,40,72
3135,161,39,89
3136,132,12,68
3137,207,24,74
3138,291,7,83
3139,104,42,94
3140,200,3,74
3141,451,26,75
3142,312,25,88
3143,112,23,76
3144,252,29,86
3145,451,11,97
3146,187,13,64
3147,87,6,80
3148,414,38,89
3149,441,39,90
3150,414,9,64
3151,422,29,63
3152,76,16,91
3153,44,45,85
3154,151,27,67
3155,483,44,91
3156,24,44,80
3157,406,9,92
3158,438,28,82
3159,215,14,87
3160,203,29,99
3161,202,17,74
3162,308,41,85
3163,324,12,78
3164,471,41,62
3165,297,7,80
3166,180,18,79
3167,136,42,60
3168,438,15,66
3169,184,30,75
3170,344,46,61
3171,402,47,85
3172,104,48,77
3173,170,18,90
3174,370,4,88
3175,216,25,63
3176,437,38,96
3177,63,18,85
3178,361,49,78
3179,391,23,90
3180,125,19,83
3181,124,23,96
3182,392,13,63
3183,342,6,64
3184,439,32,96
3185,356,39,68
3186,136,9,87
3187,395,3,99
3188,219,11,71
3189,249,30,62
3190,1,35,97
3191,34,28,87
3192,69,26,89
3193,500,43,63
3194,313,25,89
3195,190,8,85
3196,270,5,73
3197,70,20,95
3198,388,19,76
3199,220,32,71
3200,290,29,72
3201,347,9,61
3202,342,1,63
3203,66,43,85
3204,492,43,99
3205,492,2,62
3206,124,11,70
3207,168,14,88
3208,30,27,63
3209,100,31,81
3210,418,4,60
3211,45,32,69
3212,96,50,74
3213,459,29,71
3214,1,4,81
3215,82,14,64
3216,337,1,66
3217,477,21,84
3218,298,30,87
3219,365,10,64
3220,147,47,91
3221,401,46,60
3222,465,47,70
3223,339,16,71
3224,317,11,100
3225,33,24,76
3226,96,29,71
3227,325,20,80
3228,319,41,60
3229,447,41,99
3230,54,16,61
3231,109,23,91
3232,174,9,62
3233,96,7,100
3234,437,46,92
3235,319,8,78
3236,119,38,93
3237,442,41,90
3238,429,11,70
3239,390,16,69
3240,222,31,86
3241,243,48,89
3242,38,37,71
3243,103,25,67
3244,61,7,84
3245,207,13,91
3246,296,39,82
3247,487,35,83
3248,468,46,92
3249,56,1,78
3250,464,19,93
3251,429,15,62
3252,386,19,61
3253,488,14,74
3254,452,20,76
3255,71,15,71
3256,359,22,95
3257,141,27,68
3258,330,23,99
3259,282,45,80
3260,325,6,80
3261,456,36,77
3262,239,20,86
3263,222,3,98
3264,236,30,97
3265,403,3,91
3266,23,48,96
3267,43,9,95
3268,82,14,99
3269,71,50,69
3270,439,46,79
3271,363,12,68
3272,258,8,76
3273,302,34,71
3274,472,30,83
3275,266,39,80
3276,207,24,62
3277,57,7,68
3278,133,18,83
3279,377,36,92
3280,161,46,95
3281,58,24,87
3282,303,22,61
3283,412,30,71
3284,435,30,86
3285,73,35,80
3286,388,38,96
3287,88,6,86
3288,346,42,96
3289,28,37,84
3290,177,34,61
3291,115,4,60
3292,291,42,69
3293,399,7,75
3294,328,43,75
3295,117,13,82
3296,456,32,87
3297,264,37,64
3298,361,21,76
3299,478,35,70
3300,140,46,69
3301,216,3,60
3302,457,34,63
3303,320,10,93
3304,126,49,83
3305,424,25,96
3306,405,17,88
3307,349,27,64
3308,123,39,82
3309,100,37,79
3310,211,14,94
3311,302,2,68
3312,207,42,90
3313,235,25,81
3314,484,14,100
3315,463,11,68
3316,373,36,72
3317,194,1,78
3318,36,28,62
3319,155,19,64
3320,55,11,85
3321,260,21,63
3322,195,26,100
3323,112,24,69
3324,317,35,84
3325,1,6,86
3326,17,11,61
3327,476,20,64
3328,240,46,75
3329,337,48,92
3330,494,1,78
3331,367,28,90
3332,47,1,67
3333,479,43,76
3334,60,14,75
3335,73,22,68
3336,125,17,87
3337,300,14,66
3338,131,22,93
3339,338,30,88
3340,484,18,77
3341,196,21,93
3342,225,50,78
3343,332,29,77
3344,12,16,64
3345,372,41,91
3346,110,4,91
3347,461,10,76
3348,487,47,91
3349,72,21,69
3350,496,20,74
3351,80,40,97
3352,73,42,84
3353,206,44,79
3354,347,14,61
3355,286,4,100
3356,324,17,97
3357,249,49,87
3358,490,39,72
3359,439,23,70
3360,213,4,73
3361,126,23,70
3362,397,44,65
3363,54,23,89
3364,201,5,100
3365,407,49,97
3366,88,19,68
3367,419,10,96
3368,338,25,92
3369,233,1,67
3370,404,7,98
3371,155,26,93
3372,461,49,86
3373,398,12,90
3374,72,6,85
3375,58,44,60
3376,119,30,74
3377,61,34,63
3378,76,32,83
3379,131,33,89
3380,449,19,83
3381,425,38,88
3382,381,5,65
3383,242,25,60
3384,431,50,96
3385,51,1,85
3386,359,46,60
3387,177,39,98
3388,151,15,72
3389,286,1,99
3390,315,20,65
3391,387,33,65
3392,490,10,100
3393,64,48,95
3394,134,26,94
3395,214,34,63
3396,193,1,75
3397,110,46,97
3398,332,33,100
3399,112,40,68
3400,346,34,63
3401,410,42,73
3402,226,2,71
3403,273,31,76
3404,211,50,97
3405,325,47,94
3406,138,24,85
3407,419,9,60
3408,254,12,70
3409,192,46,81
3410,339,43,68
3411,307,47,68
3412,203,48,95
3413,85,13,67
3414,268,50,81
3415,353,50,90
3416,341,10,76
3417,283,34,63
3418,492,38,72
3419,155,50,60
3420,451,42,80
3421,23,14,64
3422,54,11,80
3423,132,47,86
3424,292,48,73
3425,403,23,77
3426,35,42,98
3427,159,35,98
3428,188,5,65
3429,408,31,70
3430,181,37,100
3431,206,25,64
3432,478,7,92
3433,387,38,63
3434,498,28,93
3435,23,5,84
3436,440,21,66
3437,210,20,66
3438,407,5,64
3439,417,34,87
3440,171,16,99
3441,180,8,84
3442,78,36,99
3443,140,36,95
3444,71,2,66
3445,123,48,70
3446,388,35,98
3447,361,43,78
3448,50,48,89
3449,2,21,69
3450,282,45,77
3451,455,10,83
3452,51,30,89
3453,246,18,95
3454,280,49,68
3455,224,14,84
3456,311,29,75
3457,479,19,70
3458,50,38,96
3459,198,23,90
3460,317,37,73
3461,312,41,62
3462,403,26,95
3463,15,9,80
3464,377,42,97
3465,243,34,96
3466,464,46,79
3467,225,44,70
3468,155,36,68
3469,306,34,79
3470,332,10,85
3471,78,44,80
3472,476,13,96
3473,452,20,81
3474,137,24,79
3475,14,48,60
3476,323,19,95
3477,188,47,73
3478,256,24,61
3479,252,39,64
3480,191,8,78
3481,185,31,83
3482,352,2,84
3483,324,12,87
3484,483,26,89
3485,432,33,83
3486,383,35,83
3487,282,15,68
3488,26,6,71
3489,122,2,84
3490,63,27,68
3491,465,23,69
3492,461,6,89
3493,357,44,65
3494,271,14,99
3495,255,49,66
3496,246,39,80
3497,335,44,93
3498,274,2,65
3499,279,14,84
3500,324,42,81
3501,416,34,83
3502,115,10,67
3503,1,48,78
3504,115,36,81
3505,71,1,70
3506,273,23,100
3507,294,15,60
3508,296,25,91
3509,268,23,65
3510,388,20,62
3511,420,17,74
3512,415,3,73
3513,89,42,90
3514,401,10,89
3515,408,48,88
3516,452,18,91
3517,216,15,93
3518,487,45,84
3519,97,4,97
3520,150,34,93
3521,367,31,82
3522,346,13,76
3523,51,41,87
3524,473,47,69
3525,5,35,67
3526,457,44,72
3527,89,16,80
3528,292,41,71
3529,294,34,95
3530,202,39,84
3531,437,30,86
3532,161,37,66
3533,307,23,62
3534,249,1,76
3535,218,28,64
3536,78,32,89
3537,40,50,63
3538,37,15,79
3539,285,23,61
3540,149,35,91
3541,140,11,63
3542,106,45,98
3543,270,31,70
3544,423,33,100
3545,10,9,85
3546,434,29,90
3547,235,4,76
3548,332,12,73
3549,403,33,87
3550,74,29,96
3551,351,10,66
3552,308,28,85
3553,134,29,87
3554,458,6,89
3555,354,30,83
3556,391,27,61
3557,98,17,96
3558,323,14,66
3559,237,48,77
3560,166,49,81
3561,288,17,82
3562,161,44,88
3563,64,31,66
3564,73,31,86
3565,483,37,83
3566,443,15,74
3567,83,36,88
3568,415,18,100
3569,133,44,95
3570,462,30,71
3571,375,39,99
3572,163,49,76
3573,79,5,62
3574,440,27,74
3575,19,3,79
3576,266,26,97
3577,491,23,81
3578,78,8,81
3579,443,10,97
3580,478,30,70
3581,248,11,76
3582,357,24,70
3583,150,3,73
3584,215,26,70
3585,318,32,80
3586,401,42,68
3587,292,11,80
3588,335,30,80
3589,185,29,100
3590,219,21,79
3591,161,33,100
3592,168,37,91
3593,409,10,64
3594,223,24,75
3595,276,19,78
3596,50,33,100
3597,236,17,91
3598,394,1,60
3599,387,21,72
3600,51,12,85
3601,151,20,75
3602,474,9,98
3603,142,30,76
3604,484,23,79
3605,271,50,72
3606,83,1,86
3607,35,34,61
3608,482,3,93
3609,84,49,67
3610,29,23,84
3611,201,38,75
3612,98,14,93
3613,498,21,73
3614,381,15,64
3615,113,33,96
3616,348,14,64
3617,356,24,83
3618,281,48,64
3619,53,34,62
3620,194,15,90
3621,127,2,79
3622,129,21,82
3623,206,13,94
3624,192,22,95
3625,353,45,90
3626,107,41,84
3627,230,46,88
3628,154,12,84
3629,149,17,78
3630,98,33,64
3631,200,50,73
3632,453,46,88
3633,376,24,64
3634,53,47,85
3635,73,4,72
3636,177,40,100
3637,29,42,67
3638,58,43,62
3639,291,19,94
3640,317,22,83
3641,75,33,77
3642,297,40,79
3643,266,10,77
3644,405,50,92
3645,110,15,64
3646,145,13,68
3647,459,25,95
3648,104,43,100
3649,468,24,69
3650,181,21,79
3651,221,28,78
3652,485,27,71
3653,443,46,98
3654,40,25,82
3655,300,29,78
3656,44,44,67
3657,239,21,68
3658,86,48,84
3659,271,26,72
3660,409,47,72
3661,129,25,79
3662,21,15,87
3663,331,30,83
3664,82,50,62
3665,122,12,87
3666,375,19,76
3667,250,37,88
3668,78,28,83
3669,488,16,86
3670,323,26,63
3671,467,25,97
3672,43,10,96
3673,306,1,79
3674,33,7,64
3675,316,28,82
3676,36,41,88
3677,20,13,63
3678,362,11,76
3679,7,20,80
3680,355,11,90
3681,296,44,96
3682,30,9,80
3683,139,5,63
3684,447,3,90
3685,307,25,84
3686,381,1,70
3687,156,31,86
3688,268,48,70
3689,159,40,86
3690,191,18,69
3691,55,50,60
3692,165,32,62
3693,292,41,84
3694,301,25,74
3695,472,3,69
3696,483,33,64
3697,355,13,74
3698,249,47,95
3699,244,36,81
3700,153,40,67
3701,106,22,62
3702,302,37,64
3703,252,23,83
3704,272,18,94
3705,253,4,76
3706,276,32,93
3707,469,1,68
3708,289,35,94
3709,226,47,63
3710,235,18,85
3711,472,37,72
3712,320,50,80
3713,312,3,100
3714,12,35,88
3715,460,15,76
3716,243,32,90
3717,267,50,79
3718,151,25,72
3719,12,47,76
3720,163,8,61
3721,404,26,97
3722,480,46,75
3723,118,1,94
3724,326,33,94
3725,227,31,92
3726,303,29,66
3727,281,35,99
3728,299,20,71
3729,56,47,97
3730,141,34,70
3731,318,23,94
3732,250,39,81
3733,220,14,86
3734,344,19,66
3735,395,46,65
3736,453,10,67
3737,474,38,64
3738,16,45,83
3739,344,27,93
3740,239,5,95
3741,29,9,94
3742,209,33,89
3743,333,42,61
3744,198,9,96
3745,57,48,74
3746,45,11,65
3747,291,48,76
3748,384,49,70
3749,44,45,90
3750,264,48,63
3751,68,49,69
3752,495,49,66
3753,415,8,73
3754,36,39,88
3755,245,16,69
3756,322,1,75
3757,361,32,98
3758,162,6,87
3759,81,45,78
3760,149,25,91
3761,161,35,86
3762,165,46,94
3763,143,45,74
3764,400,32,82
3765,216,34,98
3766,350,29,100
3767,350,37,83
3768,295,27,60
3769,124,36,80
3770,69,18,63
3771,3,22,86
3772,381,18,97
3773,197,9,77
3774,305,44,65
3775,73,40,90
3776,340,1,87
3777,307,19,85
3778,262,4,61
3779,180,16,87
3780,390,13,88
3781,256,24,68
3782,219,2,64
3783,219,17,73
3784,412,43,96
3785,374,2,97
3786,375,1,97
3787,455,48,78
3788,412,49,73
3789,199,35,64
3790,54,2,73
3791,358,28,79
3792,183,22,93
3793,70,3,81
3794,116,8,78
3795,342,19,75
3796,441,25,92
3797,117,22,87
3798,377,21,62
3799,400,18,78
3800,139,32,98
3801,122,47,74
3802,485,46,86
3803,495,16,83
3804,80,22,94
3805,200,24,72
3806,82,30,60
3807,35,6,62
3808,483,34,72
3809,109,15,85
3810,296,39,75
3811,95,24,73
3812,7,11,82
3813,382,19,76
3814,141,37,80
3815,43,28,76
3816,446,40,75
3817,280,1,87
3818,142,4,78
3819,162,23,84
3820,151,32,75
3821,464,15,68
3822,489,25,100
3823,324,1,78
3824,353,32,76
3825,31,44,78
3826,446,1,100
3827,200,23,75
3828,471,42,83
3829,330,31,81
3830,170,46,99
3831,175,10,73
3832,476,23,86
3833,373,50,83
3834,469,32,71
3835,256,24,87
3836,237,28,74
3837,209,20,77
3838,142,16,79
3839,64,33,99
3840,232,39,72
3841,434,16,98
3842,257,21,91
3843,258,50,98
3844,455,18,86
3845,437,2,82
3846,52,3,98
3847,424,4,98
3848,405,34,78
3849,335,40,70
3850,410,11,76
3851,435,13,66
3852,334,45,100
3853,249,27,93
3854,195,10,88
3855,319,3,84
3856,414,50,78
3857,76,18,87
3858,163,49,98
3859,240,9,62
3860,490,19,82
3861,144,22,62
3862,171,13,77
3863,238,15,67
3864,307,10,100
3865,300,43,63
3866,242,20,70
3867,279,30,77
3868,325,23,100
3869,167,9,60
3870,146,6,96
3871,39,1,60
3872,399,48,92
3873,108,15,99
3874,155,40,62
3875,77,27,88
3876,280,21,96
3877,64,22,91
3878,171,14,76
3879,218,16,88
3880,290,29,86
3881,127,21,83
3882,45,45,83
3883,277,26,99
3884,103,34,77
3885,322,2,99
3886,417,2,92
3887,284,37,81
3888,203,34,69
3889,491,44,64
3890,295,36,97
3891,246,10,63
3892,461,22,72
3893,309,29,72
3894,494,34,84
3895,82,21,76
3896,12,17,72
3897,147,36,85
3898,199,43,76
3899,406,19,65
3900,200,9,83
3901,490,29,70
3902,472,31,92
3903,446,11,96
3904,401,36,60
3905,350,34,98
3906,252,21,88
3907,316,2,63
3908,98,33,64
3909,483,22,81
3910,23,3,99
3911,338,4,85
3912,81,11,60
3913,260,23,63
3914,319,48,68
3915,257,37,99
3916,187,39,61
3917,112,19,73
3918,366,16,65
3919,254,20,91
3920,94,4,79
3921,348,19,74
3922,155,6,61
3923,182,24,77
3924,210,36,69
3925,165,9,68
3926,298,31,61
3927,310,31,94
3928,448,6,80
3929,180,30,73
3930,173,43,84
3931,202,34,100
3932,100,48,81
3933,159,12,97
3934,390,16,71
3935,488,47,76
3936,234,28,97
3937,124,36,66
3938,6,46,67
3939,299,46,64
3940,436,1,89
3941,323,38,68
3942,250,4,79
3943,205,33,92
3944,100,3,68
3945,29,3,100
3946,474,42,65
3947,332,9,60
3948,195,49,87
3949,162,6,78
3950,41,19,86
3951,481,48,82
3952,3,4,100
3953,194,47,71
3954,412,10,83
3955,404,21,61
3956,277,5,67
3957,213,11,60
3958,86,38,95
3959,367,11,64
3960,255,49,81
3961,254,14,61
3962,90,8,86
3963,31,7,93
3964,356,36,69
3965,17,36,64
3966,181,22,96
3967,245,16,95
3968,368,48,94
3969,444,14,98
3970,174,5,76
3971,265,33,96
3972,230,49,67
3973,235,12,86
3974,144,12,76
3975,97,13,70
3976,450,49,90
3977,202,39,61
3978,33,28,81
3979,43,25,64
3980,176,24,70
3981,396,25,66
3982,91,2,74
3983,495,7,66
3984,12,45,89
3985,103,40,87
3986,422,33,86
3987,293,41,85
3988,403,43,87
3989,156,12,80
3990,314,21,88
3991,323,42,86
3992,300,15,78
3993,493,29,84
3994,251,27,90
3995,86,17,72
3996,281,31,92
3997,248,30,86
3998,303,29,88
3999,310,34,98
4000,132,4,75
4001,449,30,87
4002,111,38,93
4003,388,11,61
4004,174,30,74
4005,231,10,80
4006,109,6,72
4007,12,41,84
4008,253,1,84
4009,202,12,96
4010,226,40,82
4011,99,37,89
4012,205,36,94
4013,343,19,62
4014,287,3,95
4015,282,30,80
4016,147,19,69
4017,39,49,86
4018,252,40,95
4019,188,7,93
4020,332,43,65
4021,449,2,79
4022,80,30,67
4023,50,40,72
4024,157,20,97
4025,384,45,87
4026,58,11,77
4027,369,49,79
4028,465,37,80
4029,13,42,65
4030,39,31,99
4031,343,16,77
4032,386,30,73
4033,56,32,61
4034,459,42,83
4035,137,17,99
4036,445,45,89
4037,163,5,78
4038,189,11,84
4039,156,41,87
4040,25,26,81
4041,386,2,78
4042,5,8,81
4043,239,4,65
4044,109,33,97
4045,116,34,60
4046,76,33,72
4047,222,3,62
4048,16,22,69
4049,500,25,82
4050,291,34,98
4051,459,47,83
4052,324,29,96
4053,371,38,85
4054,329,11,64
4055,47,8,72
4056,492,25,99
4057,103,17,63
4058,159,11,63
4059,379,24,67
4060,110,24,66
4061,139,22,99
4062,449,23,94
4063,265,18,62
4064,331,41,63
4065,434,11,89
4066,42,14,97
4067,484,3,82
4068,479,31,74
4069,453,48,81
4070,34,7,81
4071,426,49,98
4072,484,45,66
4073,492,13,82
4074,308,50,67
4075,300,20,93
4076,230,12,98
4077,32,27,64
4078,460,20,77
4079,77,22,81
4080,418,33,91
4081,109,3,89
4082,175,24,64
4083,286,1,68
4084,486,45,66
4085,185,29,63
4086,260,26,87
4087,10,37,77
4088,114,26,84
4089,409,44,94
4090,329,12,63
4091,378,17,81
4092,485,21,73
4093,145,8,60
4094,265,3,82
4095,86,45,60
4096,71,23,91
4097,364,2,70
4098,333,27,96
4099,32,19,90
4100,410,48,98
4101,321,21,96
4102,421,5,69
4103,500,37,97
4104,335,12,82
4105,322,8,91
4106,160,12,94
4107,293,22,88
4108,130,43,63
4109,230,27,78
4110,152,31,78
4111,89,40,90
4112,368,35,77
4113,146,6,69
4114,494,23,78
4115,153,47,72
4116,478,14,86
4117,351,24,85
4118,282,6,84
4119,85,41,66
4120,284,34,100
4121,298,31,83
4122,301,40,70
4123,329,33,64
4124,159,1,60
4125,423,21,63
4126,234,5,97
4127,296,10,86
4128,278,42,95
4129,269,4,63
4130,80,25,63
4131,69,13,65
4132,30,31,76
4133,118,34,95
4134,370,6,88
4135,291,8,76
4136,51,9,93
4137,472,11,69
4138,447,43,92
4139,285,37,67
4140,309,8,77
4141,348,46,86
4142,80,15,97
4143,173,20,91
4144,111,36,94
4145,345,44,65
4146,270,11,68
4147,265,41,88
4148,71,26,91
4149,433,10,92
4150,327,47,69
4151,371,15,67
4152,89,12,96
4153,432,19,61
4154,143,27,72
4155,207,30,64
4156,68,24,92
4157,278,42,92
4158,175,44,68
4159,11,12,62
4160,132,7,64
4161,344,32,69
4162,270,35,98
4163,173,4,85
4164,429,2,80
4165,212,29,61
4166,379,29,81
4167,206,38,93
4168,443,49,69
4169,329,11,67
4170,443,18,84
4171,146,15,100
4172,168,8,60
4173,443,48,96
4174,7,33,88
4175,153,27,80
4176,476,32,99
4177,456,33,77
4178,445,5,78
4179,360,48,74
4180,43,28,73
4181,65,27,63
4182,254,14,86
4183,164,1,62
4184,479,22,69
4185,17,45,99
4186,34,22,93
4187,457,21,60
4188,60,47,91
4189,306,8,85
4190,80,49,66
4191,44,29,69
4192,408,8,81
4193,127,2,60
4194,78,10,68
4195,438,50,72
4196,73,13,97
4197,306,8,92
4198,109,34,68
4199,325,43,86
4200,39,49,96
4201,363,25,94
4202,27,6,91
4203,186,16,84
4204,10,34,89
4205,69,28,66
4206,415,39,63
4207,52,50,65
4208,453,23,65
4209,498,29,60
4210,98,22,98
4211,382,40,90
4212,269,43,97
4213,294,43,95
4214,282,37,61
4215,344,49,79
4216,259,16,100
4217,129,18,91
4218,365,36,91
4219,325,32,62
4220,156,19,93
4221,410,18,98
4222,262,49,96
4223,366,43,100
4224,215,12,79
4225,321,42,60
4226,249,27,83
4227,431,39,95
4228,258,16,79
4229,249,6,89
4230,94,16,64
4231,78,10,100
4232,12,40,75
4233,96,10,64
4234,385,20,64
4235,121,49,73
4236,37,46,95
4237,367,28,83
4238,48,16,87
4239,424,38,61
4240,119,42,60
4241,303,25,86
4242,166,50,72
4243,261,23,61
4244,486,7,96
4245,330,5,92
4246,121,23,98
4247,173,31,79
4248,230,9,94
4249,240,19,98
4250,432,36,81
4251,182,1,71
4252,473,32,64
4253,97,46,63
4254,98,34,73
4255,478,28,84
4256,135,8,87
4257,212,2,69
4258,112,15,77
4259,133,29,68
4260,107,41,65
4261,236,7,80
4262,167,18,66
4263,497,23,71
4264,494,5,92
4265,22,11,74
4266,269,43,82
4267,179,44,96
4268,377,4,90
4269,68,40,65
4270,216,29,83
4271,76,4,88
4272,84,19,89
4273,490,34,81
4274,331,18,62
4275,59,40,68
4276,249,32,91
4277,286,8,73
4278,240,10,74
4279,69,7,85
4280,494,35,61
4281,163,20,65
4282,367,33,71
4283,357,2,65
4284,68,34,78
4285,439,27,60
4286,104,35,64
4287,489,14,82
4288,215,20,64
4289,367,35,60
4290,154,29,100
4291,241,7,67
4292,178,34,65
4293,143,11,75
4294,201,21,63
4295,469,42,74
4296,237,2,99
4297,482,11,91
4298,217,47,94
4299,323,5,66
4300,216,8,78
4301,261,18,83
4302,72,31,69
4303,380,7,62
4304,182,31,92
4305,65,27,60
4306,193,27,77
4307,437,23,67
4308,183,20,100
4309,255,46,66
4310,13,12,81
4311,14,3,72
4312,209,7,94
4313,447,22,98
4314,6,12,97
4315,489,42,99
4316,179,23,84
4317,278,11,95
4318,435,12,74
4319,83,13,75
4320,14,24,95
4321,250,27,70
4322,161,44,75
4323,291,8,92
4324,147,33,62
4325,432,9,86
4326,62,48,98
4327,386,25,67
4328,416,14,64
4329,68,16,100
4330,383,13,82
4331,308,48,97
4332,139,38,77
4333,358,23,97
4334,203,24,64
4335,239,15,81
4336,388,46,61
4337,68,16,84
4338,165,46,82
4339,494,33,92
4340,418,42,71
4341,491,49,96
4342,218,13,72
4343,276,30,98
4344,495,40,68
4345,406,15,81
4346,27,44,89
4347,205,37,88
4348,436,8,76
4349,148,20,68
4350,188,33,81
4351,158,7,92
4352,150,44,67
4353,171,43,96
4354,64,7,72
4355,65,7,99
4356,370,16,92
4357,77,29,60
4358,58,5,83
4359,154,22,89
4360,232,40,83
4361,370,5,90
4362,251,40,89
4363,116,34,82
4364,342,15,60
4365,79,30,62
4366,177,43,73
4367,182,8,84
4368,194,28,64
4369,466,28,81
4370,101,28,70
4371,365,17,85
4372,389,28,80
4373,19,39,93
4374,33,34,99
4375,155,39,86
4376,260,15,96
4377,86,25,90
4378,268,10,72
4379,399,34,95
4380,149,15,77
4381,392,30,72
4382,283,8,87
4383,420,13,63
4384,109,39,93
4385,394,37,84
4386,322,24,66
4387,406,9,89
4388,142,21,95
4389,21,42,91
4390,387,47,96
4391,439,5,64
4392,89,46,73
4393,94,3,62
4394,401,38,95
4395,304,2,87
4396,232,25,73
4397,381,34,96
4398,128,7,70
4399,60,33,90
4400,459,6,67
4401,462,19,63
4402,221,18,100
4403,268,23,78
4404,199,36,88
4405,30,7,66
4406,76,47,77
4407,473,40,99
4408,88,15,77
4409,385,14,63
4410,213,24,68
4411,327,26,88
4412,222,46,86
4413,389,17,88
4414,124,49,100
4415,165,10,90
4416,424,39,71
4417,335,8,91
4418,1,43,73
4419,33,48,85
4420,455,49,63
4421,222,33,73
4422,107,39,70
4423,15,10,79
4424,117,14,75
4425,349,26,92
4426,11,37,76
4427,465,11,83
4428,282,34,77
4429,330,37,93
4430,17,36,91
4431,438,37,98
4432,191,36,88
4433,408,31,83
4434,102,16,78
4435,15,23,74
4436,196,47,97
4437,29,1,73
4438,214,16,83
4439,23,38,71
4440,499,42,65
4441,232,11,63
4442,122,2,94
4443,224,42,81
4444,474,1,80
4445,148,45,62
4446,373,46,88
4447,178,36,71
4448,78,10,75
4449,394,44,71
4450,246,2,89
4451,377,44,65
4452,223,28,95
4453,438,26,80
4454,88,8,69
4455,443,2,98
4456,337,20,80
4457,475,26,86
4458,133,39,74
4459,223,21,63
4460,44,2,93
4461,109,26,61
4462,349,39,72
4463,472,33,74
4464,352,7,66
4465,402,25,98
4466,310,48,100
4467,109,29,94
4468,340,29,73
4469,72,5,94
4470,240,12,86
4471,495,7,62
4472,65,34,93
4473,171,47,72
4474,23,44,88
4475,90,44,71
4476,79,25,85
4477,108,23,65
4478,474,40,90
4479,209,9,72
4480,141,28,60
4481,292,40,64
4482,460,11,84
4483,160,14,67
4484,339,40,71
4485,415,20,81
4486,226,19,74
4487,343,25,65
4488,257,31,81
4489,267,12,83
4490,77,21,70
4491,194,2,88
4492,6,19,100
4493,132,24,92
4494,65,14,69
4495,24,48,81
4496,109,4,90
4497,275,5,79
4498,363,35,100
4499,230,40,69
4500,259,28,77
4501,225,32,74
4502,334,22,80
4503,20,15,99
4504,487,36,94
4505,119,38,74
4506,189,2,69
4507,377,23,75
4508,425,32,97
4509,151,1,68
4510,55,5,72
4511,395,9,91
4512,113,8,97
4513,245,12,62
4514,283,16,100
4515,402,25,73
4516,320,27,99
4517,120,9,98
4518,149,46,91
4519,168,9,72
4520,232,14,98
4521,331,3,68
4522,487,35,75
4523,5,20,85
4524,227,24,85
4525,131,33,93
4526,169,45,95
4527,207,47,77
4528,160,28,64
4529,18,6,78
4530,87,44,67
4531,238,50,70
4532,34,50,95
4533,354,17,61
4534,131,12,63
4535,55,24,95
4536,82,1,73
4537,234,50,66
4538,126,4,68
4539,109,42,89
4540,47,1,75
4541,371,34,85
4542,321,44,80
4543,266,28,90
4544,201,42,80
4545,474,46,95
4546,316,38,99
4547,142,33,67
4548,121,31,81
4549,288,7,78
4550,201,10,69
4551,9,40,97
4552,265,14,82
4553,128,16,72
4554,244,6,91
4555,453,21,89
4556,482,30,65
4557,107,30,70
4558,439,19,71
4559,274,12,71
4560,124,48,97
4561,173,29,81
4562,400,5,71
4563,205,5,61
4564,129,15,78
4565,53,24,88
4566,292,25,91
4567,260,37,79
4568,151,11,80
4569,491,7,88
4570,227,15,90
4571,55,1,66
4572,322,6,85
4573,387,20,66
4574,305,26,70
4575,260,26,82
4576,368,17,60
4577,264,32,61
4578,462,19,79
4579,102,31,69
4580,444,50,69
4581,277,24,71
4582,289,16,100
4583,257,20,70
4584,45,21,93
4585,198,40,66
4586,243,3,73
4587,442,9,85
4588,479,33,92
4589,438,6,71
4590,146,17,64
4591,159,27,85
4592,11,43,100
4593,277,8,90
4594,332,23,87
4595,277,8,82
4596,159,31,64
4597,158,15,77
4598,130,48,62
4599,224,45,73
4600,252,10,94
4601,163,34,82
4602,174,8,94
4603,351,12,90
4604,375,30,93
4605,234,30,61
4606,221,15,64
4607,23,35,97
4608,450,2,69
4609,371,14,72
4610,212,16,62
4611,278,6,96
4612,269,44,81
4613,451,45,95
4614,58,5,76
4615,365,31,92
4616,94,16,76
4617,122,30,77
4618,172,16,84
4619,239,15,88
4620,140,27,99
4621,220,22,85
4622,70,33,89
4623,399,42,68
4624,415,3,83
4625,151,38,65
4626,412,41,95
4627,489,28,77
4628,73,39,90
4629,203,44,65
4630,314,21,88
4631,410,35,75
4632,149,32,98
4633,169,13,74
4634,10,40,80
4635,126,15,70
4636,227,43,80
4637,136,33,73
4638,62,27,98
4639,482,48,99
4640,3,15,80
4641,396,32,74
4642,166,14,63
4643,221,9,75
4644,372,8,90
4645,500,42,70
4646,72,23,73
4647,179,33,94
4648,71,23,87
4649,487,27,78
4650,301,33,74
4651,283,9,68
4652,11,1,67
4653,160,17,74
4654,474,29,92
4655,143,18,71
4656,471,38,88
4657,113,37,70
4658,127,17,98
4659,305,46,73
4660,228,23,96
4661,470,28,88
4662,29,9,86
4663,318,8,75
4664,261,35,67
4665,381,39,81
4666,444,24,60
4667,390,2,94
4668,228,11,65
4669,294,40,98
4670,384,40,74
4671,307,32,97
4672,295,3,86
4673,467,49,84
4674,297,8,91
4675,395,28,65
4676,105,9,98
4677,187,45,97
4678,335,32,91
4679,169,30,63
4680,361,7,66
4681,174,19,96
4682,418,34,89
4683,339,39,88
4684,203,8,66
4685,171,45,80
4686,36,39,85
4687,42,37,67
4688,490,21,69
4689,266,7,82
4690,354,39,65
4691,199,43,88
4692,88,19,66
4693,46,18,76
4694,499,39,61
4695,56,9,70
4696,362,31,91
4697,159,26,99
4698,332,1,87
4699,482,6,92
4700,35,30,61
4701,123,40,70
4702,276,15,87
4703,397,17,70
4704,7,13,79
4705,108,49,74
4706,91,7,96
4707,192,22,87
4708,92,15,63
4709,369,20,74
4710,429,46,73
4711,88,17,90
4712,383,36,63
4713,13,15,65
4714,57,17,93
4715,441,37,70
4716,413,25,91
4717,85,48,78
4718,135,4,98
4719,228,6,88
4720,114,26,66
4721,314,44,78
4722,207,33,86
4723,34,14,70
4724,476,3,92
4725,484,23,96
4726,60,1,85
4727,178,8,88
4728,345,50,62
4729,205,25,70
4730,396,17,67
4731,35,37,98
4732,373,3,89
4733,188,19,78
4734,400,25,80
4735,67,1,80
4736,288,36,93
4737,445,9,91
4738,68,3,63
4739,91,17,69
4740,222,32,71
4741,412,31,96
4742,294,33,92
4743,329,47,79
4744,311,11,93
4745,78,31,89
4746,316,11,64
4747,351,45,86
4748,499,32,67
4749,459,34,79
4750,182,41,78
4751,346,23,81
4752,236,13,76
4753,208,17,78
4754,343,16,92
4755,143,48,99
4756,89,26,86
4757,88,42,96
4758,212,29,91
4759,160,3,86
4760,440,32,73
4761,289,48,99
4762,59,1,89
4763,209,22,62
4764,47,41,97
4765,207,27,87
4766,470,4,81
4767,498,32,94
4768,340,32,93
4769,173,29,70
4770,199,29,100
4771,68,46,89
4772,493,38,79
4773,198,41,85
4774,451,20,60
4775,295,46,98
4776,376,45,88
4777,347,20,99
4778,64,6,88
4779,469,42,90
4780,175,11,91
4781,229,35,62
4782,441,27,85
4783,322,11,87
4784,493,31,93
4785,106,41,81
4786,21,42,89
4787,193,24,93
4788,129,5,84
4789,291,6,87
4790,237,35,86
4791,100,3,94
4792,444,31,81
4793,11,11,86
4794,440,4,61
4795,199,7,98
4796,126,42,62
4797,93,34,89
4798,414,42,91
4799,455,34,97
4800,121,45,91
4801,146,24,63
4802,23,13,70
4803,26,3,79
4804,214,23,96
4805,485,1,90
4806,209,39,73
4807,236,14,100
4808,499,44,98
4809,171,30,70
4810,198,28,93
4811,296,45,77
4812,58,41,92
4813,143,32,70
4814,117,40,79
4815,366,43,72
4816,197,40,84
4817,414,8,66
4818,283,33,83
4819,287,21,94
4820,276,15,78
4821,186,15,76
4822,209,36,66
4823,39,33,67
4824,203,24,96
4825,498,12,78
4826,141,33,60
4827,172,30,94
4828,58,22,91
4829,270,36,79
4830,499,45,62
4831,413,4,77
4832,258,33,76
4833,237,6,71
4834,115,46,72
4835,391,11,97
4836,326,13,82
4837,395,46,66
4838,477,47,66
4839,495,32,62
4840,90,43,74
4841,71,10,78
4842,24,43,85
4843,441,7,86
4844,359,8,60
4845,243,27,60
4846,382,36,92
4847,279,18,100
4848,376,26,61
4849,77,14,62
4850,306,25,67
4851,61,22,65
4852,90,12,82
4853,142,41,87
4854,203,36,86
4855,415,33,72
4856,133,26,77
4857,485,40,73
4858,213,18,81
4859,131,45,63
4860,258,29,84
4861,491,26,84
4862,257,6,77
4863,111,33,97
4864,228,33,91
4865,306,48,72
4866,272,10,61
4867,253,23,84
4868,176,40,76
4869,371,29,60
4870,402,27,76
4871,177,5,86
4872,343,31,79
4873,272,45,93
4874,107,44,89
4875,340,19,79
4876,407,8,72
4877,327,22,76
4878,146,33,90
4879,337,32,88
4880,139,42,86
4881,179,40,100
4882,284,50,76
4883,355,12,81
4884,291,2,65
4885,161,32,84
4886,433,14,67
4887,219,36,92
4888,380,6,84
4889,263,44,60
4890,169,29,84
4891,229,29,64
4892,405,9,62
4893,94,3,75
4894,479,44,74
4895,311,35,89
4896,311,24,66
4897,93,37,79
4898,280,42,92
4899,27,33,88
4900,298,31,92
4901,38,18,96
4902,405,43,75
4903,382,47,89
4904,282,24,71
4905,18,35,76
4906,391,36,62
4907,182,19,69
4908,104,25,78
4909,357,19,90
4910,376,33,78
4911,13,31,83
4912,339,48,87
4913,1,25,78
4914,348,45,80
4915,90,8,98
4916,111,50,93
4917,398,23,88
4918,210,12,78
4919,60,5,87
4920,114,39,64
4921,286,6,82
4922,226,28,67
4923,384,7,81
4924,483,29,67
4925,16,42,88
4926,382,16,98
4927,378,35,86
4928,60,44,96
4929,258,26,85
4930,64,15,67
4931,428,43,61
4932,267,45,65
4933,24,15,63
4934,73,11,78
4935,111,44,94
4936,363,8,74
4937,447,8,86
4938,262,8,77
4939,314,42,61
4940,488,37,94
4941,51,40,90
4942,368,45,66
4943,462,34,61
4944,340,3,64
4945,309,12,60
4946,309,37,100
4947,97,1,93
4948,356,38,66
4949,470,32,81
4950,274,9,77
4951,333,30,91
4952,138,33,67
4953,131,30,63
4954,463,46,90
4955,301,30,72
4956,275,50,73
4957,280,10,79
4958,187,29,93
4959,143,36,69
4960,8,23,83
4961,57,47,80
4962,327,22,74
4963,117,16,99
4964,334,43,73
4965,477,10,100
4966,248,20,88
4967,330,43,87
4968,375,20,97
4969,295,43,95
4970,2,33,98
4971,283,18,93
4972,219,45,67
4973,213,37,90
4974,60,37,75
4975,129,34,90
4976,204,12,75
4977,435,1,84
4978,439,35,84
4979,331,21,82
4980,234,19,74
4981,283,23,62
4982,51,48,78
4983,145,41,86
4984,365,7,62
4985,373,4,66
4986,43,25,88
4987,295,8,73
4988,449,20,60
4989,274,31,76
4990,193,20,98
4991,326,46,80
4992,211,5,60
4993,286,3,61
4994,354,29,93
4995,149,50,75
4996,321,39,76
4997,321,8,67
4998,417,46,61
4999,97,27,72
5000,143,49,96
